PLAYER_ID,PLAYER_NAME,NICKNAME,TEAM_ID,TEAM_ABBREVIATION,AGE,GP,W,L,W_PCT,MIN,FGM,FGA,FG_PCT,FG3M,FG3A,FG3_PCT,FTM,FTA,FT_PCT,OREB,DREB,REB,AST,TOV,STL,BLK,BLKA,PF,PFD,PTS,PLUS_MINUS,NBA_FANTASY_PTS,DD2,TD3,WNBA_FANTASY_PTS,GP_RANK,W_RANK,L_RANK,W_PCT_RANK,MIN_RANK,FGM_RANK,FGA_RANK,FG_PCT_RANK,FG3M_RANK,FG3A_RANK,FG3_PCT_RANK,FTM_RANK,FTA_RANK,FT_PCT_RANK,OREB_RANK,DREB_RANK,REB_RANK,AST_RANK,TOV_RANK,STL_RANK,BLK_RANK,BLKA_RANK,PF_RANK,PFD_RANK,PTS_RANK,PLUS_MINUS_RANK,NBA_FANTASY_PTS_RANK,DD2_RANK,TD3_RANK,WNBA_FANTASY_PTS_RANK,TEAM_COUNT
1630639,A.J. Lawson,A.J.,1610612761,TOR,25.0,20,9,11,0.45,187.2,29,63,0.46,16,36,0.444,12,14,0.857,7,28,35,6,6,10,4,3,25,11,86,-12,173.0,0,0,171.0,443,418,151,354,461,448,448,269,366,397,32,424,431,119,456,440,449,498,477,413,403,119,145,447,440,303,454,260,33,451,1
1631260,AJ Green,AJ,1610612749,MIL,26.0,74,30,44,0.405,2123.7933333333335,234,562,0.416,206,504,0.409,48,57,0.842,23,170,193,144,71,35,8,13,169,72,722,-132,1227.6,0,0,1351.0,38,187,538,377,53,166,142,419,15,22,77,269,292,139,339,182,222,151,169,249,327,269,529,239,147,485,190,260,33,156,1
1642358,AJ Johnson,AJ,1610612742,DAL,21.0,44,8,36,0.182,386.25,46,142,0.324,11,48,0.229,19,23,0.826,11,39,50,41,24,10,2,20,24,17,122,-24,255.5,0,0,248.0,324,433,482,531,399,404,381,536,394,372,464,379,394,175,421,417,422,369,375,413,455,340,143,409,410,341,416,260,33,411,2
203932,Aaron Gordon,Aaron,1610612743,DEN,30.0,34,25,9,0.735,951.5416666666666,188,378,0.497,57,146,0.39,120,157,0.764,49,149,198,85,38,21,9,13,57,117,553,250,970.1,4,0,953.0,384,229,125,55,278,219,226,162,214,236,113,120,114,304,199,216,214,262,307,329,307,269,237,141,200,48,250,106,33,242,1
1628988,Aaron Holiday,Aaron,1610612745,HOU,29.0,53,35,18,0.66,719.7066666666667,96,237,0.405,62,159,0.39,32,37,0.865,11,40,51,57,36,23,5,7,67,42,286,76,480.7,0,0,512.0,258,142,233,107,336,332,317,450,199,222,116,330,349,108,421,412,418,329,316,318,382,189,266,327,323,134,362,260,33,351,1
1630174,Aaron Nesmith,Aaron,1610612754,IND,26.0,45,10,35,0.222,1334.95,212,512,0.414,105,277,0.379,92,111,0.829,48,139,187,86,63,26,23,36,124,115,621,-201,1058.4,0,0,1097.0,316,407,471,507,196,193,164,426,106,112,153,157,175,166,205,233,232,257,198,301,171,468,419,147,171,521,227,260,33,211,1
1630598,Aaron Wiggins,Aaron,1610612760,OKC,27.0,61,48,13,0.787,1338.1433333333334,220,510,0.431,91,257,0.354,52,70,0.743,39,152,191,101,77,55,27,28,77,57,583,201,1132.7,0,0,1130.0,189,32,169,30,195,184,166,368,136,124,233,259,256,348,245,207,225,225,158,126,141,408,298,278,186,66,214,260,33,198,1
1642846,Ace Bailey,Ace,1610612762,UTA,19.0,70,18,52,0.257,1929.4766666666667,378,852,0.444,133,382,0.348,66,86,0.767,100,189,289,128,101,57,47,28,189,84,955,-458,1704.8,0,0,1713.0,80,315,566,478,75,71,55,329,61,52,252,222,226,299,71,155,124,170,109,114,62,408,557,204,86,574,102,260,33,94,1
1642380,Adama Bal,Adama,1610612763,MEM,22.0,5,1,4,0.2,127.365,12,32,0.375,7,19,0.368,2,3,0.667,2,9,11,10,4,5,0,2,19,3,33,-81,72.2,0,0,71.0,526,539,61,518,480,483,481,497,415,429,186,504,508,436,511,496,503,470,493,460,515,85,120,506,487,439,496,260,33,493,1
1641737,Adem Bona,Adem,1610612755,PHI,23.0,68,39,29,0.574,1182.6116666666667,128,213,0.601,2,6,0.333,77,109,0.706,125,172,297,31,53,29,82,26,149,98,335,4,1017.9,1,0,887.0,100,100,394,211,229,289,331,46,462,477,291,193,180,397,50,176,119,394,249,283,18,393,492,175,295,232,239,188,33,259,1
1642876,Adou Thiero,Adou,1610612747,LAL,21.0,21,12,9,0.571,107.88666666666667,10,22,0.455,0,1,0.0,9,12,0.75,7,13,20,6,5,5,2,3,17,9,29,-11,78.0,0,0,69.0,435,389,125,213,486,493,498,291,504,523,504,436,441,328,456,485,485,498,483,460,455,119,112,458,494,299,490,260,33,495,1
1642349,Ajay Mitchell,Ajay,1610612760,OKC,23.0,55,48,7,0.873,1427.1183333333333,280,575,0.487,60,172,0.349,138,158,0.873,38,148,186,200,81,69,18,25,117,146,758,481,1461.2,1,0,1378.0,238,32,103,9,172,132,135,185,206,210,249,93,113,92,250,218,234,94,150,73,218,383,394,104,135,10,150,188,33,153,1
201143,Al Horford,Al,1610612744,GSW,39.0,43,22,21,0.512,932.7516666666667,132,311,0.424,71,197,0.36,22,26,0.846,44,171,215,112,41,30,50,6,50,21,357,-9,982.0,0,0,915.0,326,267,268,291,282,282,267,384,180,191,212,367,382,132,223,181,194,199,289,276,55,173,216,394,284,292,249,260,33,250,1
1630828,Alex Antetokounmpo,Alex,1610612749,MIL,24.0,4,2,2,0.5,12.321666666666667,1,4,0.25,0,3,0.0,4,6,0.667,1,0,1,1,0,0,0,0,0,3,6,-3,8.7,0,0,8.0,539,512,31,301,562,554,557,553,504,503,504,485,480,436,530,568,563,551,551,550,515,1,1,506,549,266,562,260,33,560,1
1627936,Alex Caruso,Alex,1610612760,OKC,32.0,54,45,9,0.833,996.78,124,294,0.422,51,176,0.29,41,51,0.804,28,122,150,108,46,72,17,12,66,54,340,377,903.0,0,0,827.0,248,45,125,13,270,297,276,400,234,207,417,293,306,217,305,259,275,208,271,67,229,257,262,287,291,21,265,260,33,273,1
1631457,Alex Morales,Alex,1610612753,ORL,28.0,1,0,1,0.0,12.0,1,2,0.5,0,0,0.0,0,0,0.0,1,2,3,4,2,0,0,0,4,0,2,14,9.6,0,0,9.0,574,558,9,558,564,554,569,149,504,537,504,548,551,548,530,547,548,512,516,550,515,1,48,561,563,198,560,260,33,559,1
1642259,Alex Sarr,Alex,1610612764,WAS,20.0,48,11,37,0.229,1304.6616666666666,316,656,0.482,50,150,0.333,101,146,0.692,105,250,355,130,82,39,95,60,105,125,783,-351,1724.0,12,0,1586.0,298,402,493,503,202,106,103,198,239,231,291,145,127,418,68,90,77,167,146,230,14,557,364,130,130,564,100,45,33,118,1
1642918,Alijah Martin,Alijah,1610612761,TOR,24.0,21,9,12,0.429,130.78166666666667,15,44,0.341,4,20,0.2,14,18,0.778,9,12,21,10,5,8,4,3,10,11,48,4,119.2,0,0,107.0,435,418,159,367,478,475,468,522,437,424,470,411,418,277,436,491,482,470,483,435,403,119,89,447,468,232,474,260,33,474,1
1631214,Alondes Williams,Alondes,1610612764,WAS,26.0,4,2,2,0.5,100.78333333333333,16,26,0.615,5,14,0.357,7,8,0.875,5,20,25,12,5,3,3,0,4,6,44,35,105.0,1,0,98.0,539,512,31,301,492,471,490,41,432,445,222,454,465,88,473,462,465,460,483,486,432,1,48,482,473,166,478,188,33,480,1
1630578,Alperen Sengun,Alperen,1610612745,HOU,23.0,69,44,25,0.638,2308.04,564,1081,0.522,40,129,0.31,256,372,0.688,203,405,608,427,215,84,76,62,225,354,1424,190,3059.1,33,4,2819.0,86,50,334,134,28,15,26,110,272,258,373,37,28,419,10,17,12,17,10,38,22,559,571,11,26,73,11,8,6,17,1
1642873,Amari Williams,Amari,1610612738,BOS,24.0,21,14,7,0.667,136.22666666666666,9,19,0.474,0,0,0.0,10,14,0.714,9,30,39,9,10,3,10,2,17,13,28,-50,117.3,0,0,102.0,435,368,103,93,475,500,506,221,504,537,504,433,431,382,436,437,442,480,447,486,293,85,112,435,496,398,476,260,33,477,1
1641708,Amen Thompson,Amen,1610612745,HOU,23.0,76,47,29,0.618,2834.0383333333334,523,992,0.527,25,112,0.223,290,373,0.777,223,366,589,401,179,111,47,63,165,278,1361,357,2964.3,19,0,2692.0,25,36,394,157,1,23,38,104,328,281,465,28,27,281,7,32,14,27,22,9,62,560,522,28,34,25,15,24,33,20,1
1629599,Amir Coffey,Amir,1610612756,PHX,28.0,43,18,25,0.419,437.22333333333336,45,93,0.484,13,41,0.317,22,28,0.786,18,34,52,24,6,8,5,2,28,21,125,-37,256.4,0,0,240.0,326,315,334,372,385,407,418,191,378,381,360,367,376,257,372,426,416,410,477,435,382,85,155,394,408,367,415,260,33,419,2
1643158,Andersson Garcia,Andersson,1610612762,UTA,25.0,5,1,4,0.2,168.75,9,29,0.31,1,13,0.077,7,9,0.778,17,25,42,14,7,8,4,3,16,13,26,-37,126.4,0,0,107.0,526,539,61,518,467,500,484,543,478,449,502,454,456,277,374,446,435,457,468,435,403,119,108,435,501,367,473,260,33,474,1
203083,Andre Drummond,Andre,1610612755,PHI,32.0,59,31,28,0.525,1141.1316666666667,146,311,0.469,30,85,0.353,49,77,0.636,183,303,486,70,58,35,47,18,117,75,371,-137,1247.2,15,0,1121.0,211,174,374,281,241,267,267,243,307,318,237,265,244,468,11,54,31,294,227,249,62,316,394,237,274,490,184,34,33,202,1
1641748,Andre Jackson Jr.,Andre,1610612749,MIL,24.0,44,11,33,0.25,341.5183333333333,34,102,0.333,15,53,0.283,14,20,0.7,24,35,59,38,26,16,2,5,38,19,97,-59,252.8,0,0,245.0,324,402,446,480,415,430,405,525,374,364,423,411,406,405,333,425,405,376,361,365,455,152,185,402,427,412,418,260,33,413,1
1629614,Andrew Nembhard,Andrew,1610612754,IND,26.0,57,13,44,0.228,1785.5933333333332,333,753,0.442,107,296,0.361,193,234,0.825,25,135,160,437,137,51,8,38,126,188,966,-393,1853.5,13,0,1788.0,221,379,538,505,107,90,79,333,101,94,210,54,59,181,326,238,266,13,49,154,327,478,425,65,83,566,83,40,33,83,1
203952,Andrew Wiggins,Andrew,1610612748,MIA,31.0,64,33,31,0.516,1959.6983333333333,376,787,0.478,131,314,0.417,118,150,0.787,110,208,318,172,95,74,68,40,146,116,1001,14,1971.6,2,0,1906.0,151,164,425,287,71,73,70,214,62,87,64,124,119,255,64,130,103,119,119,61,28,496,486,144,76,198,80,151,33,75,1
1629014,Anfernee Simons,Anfernee,1610612741,CHI,26.0,55,31,24,0.564,1371.9333333333334,285,648,0.44,146,379,0.385,69,77,0.896,31,104,135,134,68,27,8,28,94,61,785,98,1185.0,0,0,1270.0,238,174,319,220,183,128,106,338,49,53,132,214,244,59,293,291,300,163,180,294,327,408,337,266,129,116,197,260,33,170,2
1641710,Anthony Black,Anthony,1610612753,ORL,22.0,60,33,27,0.55,1840.8383333333334,332,736,0.451,96,283,0.339,157,215,0.73,44,188,232,229,125,86,41,52,159,176,917,5,1794.9,2,0,1728.0,199,164,359,240,95,94,84,306,123,108,277,81,71,363,223,158,177,77,63,33,79,539,516,78,90,223,87,151,33,89,1
203076,Anthony Davis,Anthony,1610612764,WAS,33.0,20,10,10,0.5,625.63,169,334,0.506,10,37,0.27,59,81,0.728,62,159,221,56,41,22,33,14,42,87,407,-50,880.2,13,0,804.0,443,407,140,301,347,242,256,139,396,394,430,237,234,366,147,196,189,332,289,325,110,280,196,195,262,398,269,40,33,280,1
1630162,Anthony Edwards,Anthony,1610612750,MIN,24.0,60,36,24,0.6,2109.443333333333,595,1217,0.489,202,507,0.398,343,431,0.796,35,265,300,223,170,83,49,28,114,269,1735,168,2655.5,2,0,2724.0,199,129,319,174,55,11,10,180,18,21,91,17,13,237,268,76,117,82,27,41,58,408,383,32,9,83,24,151,33,19,1
1630264,Anthony Gill,Anthony,1610612764,WAS,33.0,51,6,45,0.118,831.63,119,191,0.623,13,41,0.317,24,31,0.774,55,90,145,65,34,27,19,20,79,46,275,-232,650.5,0,0,590.0,276,455,541,552,306,305,350,38,378,381,360,361,364,285,174,315,286,308,323,294,209,340,303,315,329,532,323,260,33,332,1
1641810,Antonio Reeves,Antonio,1610612766,CHA,25.0,10,4,6,0.4,67.67666666666666,10,20,0.5,7,13,0.538,0,0,0.0,2,6,8,3,1,1,0,1,3,0,27,29,43.1,0,0,47.0,489,477,87,383,511,493,501,149,415,449,11,548,551,548,511,512,516,528,532,526,515,54,32,561,500,173,519,260,33,510,1
1630574,Ariel Hukporti,Ariel,1610612752,NYK,23.0,52,34,18,0.654,455.37833333333333,37,68,0.544,1,4,0.25,26,33,0.788,53,93,146,27,29,8,24,6,62,31,101,26,383.7,0,0,339.0,266,157,233,115,379,424,442,89,478,494,442,351,361,250,184,312,284,401,346,435,162,173,247,361,424,177,384,260,33,391,1
1642854,Asa Newell,Asa,1610612737,ATL,20.0,42,22,20,0.524,453.09166666666664,83,154,0.539,28,71,0.394,14,25,0.56,39,44,83,23,21,15,13,13,63,29,208,-18,405.1,1,0,398.0,331,267,262,282,380,352,372,93,313,335,102,411,388,503,245,400,370,414,390,376,263,269,251,369,364,327,378,188,33,374,1
1641709,Ausar Thompson,Ausar,1610612765,DET,23.0,69,50,19,0.725,1793.6233333333332,287,554,0.518,6,23,0.261,104,184,0.565,146,255,401,208,105,140,62,42,189,147,684,381,1978.2,3,0,1703.0,86,19,243,60,104,126,147,118,423,417,438,140,92,500,28,83,56,91,96,3,35,501,557,101,155,20,78,124,33,97,1
1630559,Austin Reaves,Austin,1610612747,LAL,27.0,51,36,15,0.706,1761.65,373,762,0.49,118,328,0.36,323,371,0.871,33,207,240,280,151,56,20,37,110,273,1187,182,1972.0,6,0,1977.0,276,129,193,76,115,75,77,179,82,78,214,22,29,97,278,131,168,57,40,120,202,471,372,30,48,79,79,83,33,69,1
1630245,Ayo Dosunmu,Ayo,1610612750,MIN,26.0,67,34,33,0.507,1821.8933333333334,370,720,0.514,121,273,0.443,122,140,0.871,46,186,232,244,90,55,18,56,127,98,983,-88,1756.4,2,1,1726.0,112,157,446,296,97,77,86,124,75,115,34,116,134,95,215,159,177,72,131,126,218,550,431,175,80,453,94,151,21,92,2
1628389,Bam Adebayo,Bam,1610612748,MIA,28.0,69,35,34,0.507,2223.0033333333336,477,1086,0.439,120,379,0.317,318,409,0.778,142,549,691,210,117,80,45,37,118,323,1392,316,2794.2,32,0,2663.0,86,142,461,298,37,37,24,340,80,53,363,23,17,280,33,6,8,89,82,49,68,471,398,15,30,35,20,11,33,22,1
1631248,Baylor Scheierman,Baylor,1610612738,BOS,25.0,73,51,22,0.699,1326.1183333333333,132,297,0.444,82,215,0.381,19,22,0.864,55,199,254,106,42,40,5,4,99,63,365,181,921.8,4,0,897.0,48,16,287,79,198,282,274,326,152,177,148,379,400,110,174,145,159,211,283,221,382,139,348,262,278,80,260,106,33,257,1
1642879,Ben Saraf,Ben,1610612751,BKN,19.0,40,9,31,0.225,785.3016666666666,95,249,0.382,16,74,0.216,58,71,0.817,17,59,76,130,89,33,5,41,71,60,264,-181,575.2,0,0,562.0,350,418,425,506,320,334,309,490,366,332,467,240,254,200,374,368,375,167,132,262,382,497,279,268,335,511,338,260,33,338,1
1641767,Ben Sheppard,Ben,1610612754,IND,24.0,65,16,49,0.246,1390.4766666666667,168,387,0.434,84,232,0.362,39,51,0.765,43,152,195,114,41,39,6,25,114,44,459,-268,958.0,0,0,942.0,143,341,559,490,180,243,222,361,146,154,207,299,306,302,228,207,219,196,289,230,368,383,383,321,243,542,253,260,33,247,1
1631097,Bennedict Mathurin,Bennedict,1610612746,LAC,23.0,50,20,30,0.4,1531.7816666666668,280,642,0.436,73,227,0.322,277,318,0.871,51,225,276,115,111,41,12,28,132,228,910,-140,1461.7,3,0,1480.0,284,292,410,383,147,132,109,353,173,158,349,29,36,96,190,112,135,193,89,214,271,408,445,41,92,492,149,124,33,134,2
1643016,Bez Mbeng,Bez,1610612762,UTA,22.0,12,1,11,0.083,358.0183333333333,21,53,0.396,3,20,0.15,10,15,0.667,13,26,39,39,15,21,5,3,41,17,55,-146,223.3,0,0,188.0,473,539,151,556,409,463,458,471,445,424,489,433,429,436,406,443,442,373,417,329,382,119,192,409,461,497,429,260,33,444,1
1641731,Bilal Coulibaly,Bilal,1610612764,WAS,21.0,54,14,40,0.259,1421.6216666666667,214,515,0.416,61,198,0.308,124,166,0.747,44,191,235,139,79,74,51,30,129,124,613,-395,1399.5,0,0,1298.0,248,368,510,476,174,189,160,420,202,190,377,113,106,341,223,153,175,158,154,61,53,431,437,132,174,567,157,260,33,165,1
202687,Bismack Biyombo,Bismack,1610612759,SAS,33.0,24,20,4,0.833,135.73666666666668,8,14,0.571,0,0,0.0,5,7,0.714,5,20,25,5,7,4,2,2,27,8,21,-86,69.5,0,0,63.0,425,292,61,13,476,507,519,65,504,537,504,473,475,382,473,462,465,506,468,472,455,85,152,464,508,448,499,260,33,500,1
1642396,Blake Hinson,Blake,1610612762,UTA,26.0,11,3,8,0.273,213.55,40,77,0.519,29,57,0.509,8,12,0.667,8,16,24,9,2,1,2,3,21,11,117,20,166.3,0,0,185.0,480,491,114,466,447,418,432,113,311,357,13,445,441,436,441,473,471,480,516,526,455,119,129,447,414,186,456,260,33,446,1
1631104,Blake Wesley,Blake,1610612757,POR,23.0,28,18,10,0.643,352.96,55,120,0.458,10,35,0.286,25,45,0.556,8,29,37,62,30,16,5,9,33,43,145,-77,315.4,0,0,296.0,408,315,140,125,411,391,393,274,396,398,419,356,323,505,441,438,445,314,338,365,382,212,171,322,398,434,402,260,33,403,1
1626171,Bobby Portis,Bobby,1610612749,MIL,31.0,67,26,41,0.388,1619.3133333333333,366,750,0.488,135,296,0.456,48,68,0.706,89,339,428,105,66,41,12,22,110,68,915,-266,1679.1,11,0,1689.0,112,221,518,392,137,80,80,182,57,94,27,269,261,399,85,40,46,214,188,214,271,358,372,249,91,540,105,50,33,98,1
1641752,Bobi Klintman,Bobi,1610612765,DET,23.0,12,8,4,0.667,71.38333333333334,9,27,0.333,4,13,0.308,0,3,0.0,5,14,19,6,6,3,0,4,11,5,22,-5,56.8,0,0,57.0,473,433,61,93,507,500,488,525,437,449,379,548,508,548,473,482,489,498,477,486,515,139,94,491,505,274,505,260,33,504,1
203992,Bogdan Bogdanović,Bogdan,1610612746,LAC,33.0,22,7,15,0.318,431.3933333333333,53,143,0.371,28,87,0.322,20,25,0.8,6,50,56,51,26,10,1,7,44,26,154,-43,304.7,0,0,311.0,429,441,193,433,386,394,379,503,313,316,347,373,388,226,465,388,409,344,361,413,482,189,202,376,389,383,405,260,33,399,1
1630538,Bones Hyland,Bones,1610612750,MIN,25.0,69,41,28,0.594,1133.5533333333333,204,451,0.452,109,285,0.382,59,76,0.776,23,99,122,181,65,42,16,29,116,68,576,115,1102.9,0,0,1104.0,86,77,374,184,244,204,200,302,96,106,144,237,248,282,339,305,318,112,192,207,235,420,389,249,190,104,218,260,33,210,1
203078,Bradley Beal,Bradley,1610612746,LAC,32.0,6,2,4,0.333,120.91666666666667,18,48,0.375,7,19,0.368,6,8,0.75,2,3,5,10,9,3,0,1,14,11,49,-23,70.0,0,0,77.0,514,512,61,418,481,468,465,497,415,429,186,465,465,328,511,536,532,470,453,486,515,54,101,447,466,339,498,260,33,489,1
1642382,Branden Carlson,Branden,1610612760,OKC,26.0,39,31,8,0.795,401.12,77,144,0.535,22,64,0.344,9,18,0.5,25,75,100,22,15,6,21,8,33,13,185,16,404.0,1,0,383.0,356,174,114,28,394,361,378,100,340,347,264,436,418,516,326,342,346,419,417,452,189,204,171,435,371,196,379,188,33,378,1
1641764,Brandin Podziemski,Brandin,1610612744,GSW,23.0,78,36,42,0.462,2225.923333333333,370,815,0.454,143,388,0.369,173,221,0.783,71,339,410,297,126,86,15,28,132,215,1056,5,2170.5,5,0,2108.0,3,129,528,344,36,77,64,294,53,49,184,70,68,265,116,40,52,49,59,33,244,408,445,48,68,223,58,94,33,59,1
1629634,Brandon Clarke,Brandon,1610612763,MEM,29.0,2,1,1,0.5,20.438333333333333,3,9,0.333,0,0,0.0,2,4,0.5,4,2,6,1,0,2,0,3,5,3,8,-12,22.7,0,0,19.0,561,539,9,301,550,541,535,525,504,537,504,504,497,516,485,547,525,551,551,502,515,119,56,506,542,303,542,260,33,542,1
1627742,Brandon Ingram,Brandon,1610612761,TOR,28.0,73,40,33,0.548,2470.596666666667,577,1224,0.471,127,338,0.376,272,331,0.822,60,344,404,266,181,54,54,68,142,258,1553,6,2579.8,2,0,2566.0,48,87,446,244,15,13,9,235,69,74,159,31,33,188,156,39,55,63,21,137,46,563,476,34,17,217,28,151,33,27,1
1641706,Brandon Miller,Brandon,1610612766,CHA,23.0,62,40,22,0.645,1875.9616666666666,432,996,0.434,197,509,0.387,189,212,0.892,67,246,313,213,159,61,43,29,171,164,1250,373,2098.1,3,0,2181.0,172,87,287,123,87,47,36,362,21,18,126,58,74,68,130,92,106,86,33,93,73,420,534,84,44,22,63,124,33,51,1
1630314,Brandon Williams,Brandon,1610612742,DAL,26.0,66,23,43,0.348,1462.645,291,617,0.472,36,155,0.232,241,304,0.793,30,161,191,256,125,62,20,55,103,237,859,-143,1593.2,1,0,1506.0,129,253,531,410,160,120,121,232,288,224,459,41,38,242,299,193,225,68,63,91,202,546,360,39,106,495,124,188,33,130,1
1641729,Brice Sensabaugh,Brice,1610612762,UTA,22.0,73,18,55,0.247,1722.4166666666667,384,830,0.463,157,426,0.369,158,191,0.827,56,170,226,138,118,53,12,48,138,147,1083,-336,1638.2,0,0,1734.0,48,315,573,488,123,65,61,262,41,37,185,79,88,172,168,182,183,160,80,142,271,525,462,101,61,559,115,260,33,88,1
1642355,Bronny James,Bronny,1610612747,LAL,21.0,38,21,17,0.553,300.65833333333336,36,90,0.4,16,42,0.381,6,7,0.857,4,13,17,42,19,14,4,5,26,7,94,-28,212.4,0,0,205.0,361,278,219,234,423,428,420,457,366,378,150,465,475,119,485,485,492,367,397,386,403,152,148,472,431,349,435,260,33,435,1
201572,Brook Lopez,Brook,1610612746,LAC,38.0,71,39,32,0.549,1520.6816666666666,211,499,0.423,104,294,0.354,55,70,0.786,38,204,242,90,56,44,83,17,140,89,581,73,1331.4,1,0,1271.0,68,100,437,242,150,195,174,393,109,97,235,246,256,257,250,135,164,245,234,197,17,304,469,192,188,136,168,188,33,169,1
1642964,Brooks Barnhizer,Brooks,1610612760,OKC,24.0,37,28,9,0.757,283.235,19,51,0.373,5,17,0.294,4,6,0.667,14,49,63,19,8,7,4,9,23,7,47,-65,176.1,0,0,156.0,366,204,125,42,427,466,462,501,432,436,412,485,480,436,399,391,397,429,459,442,403,212,139,472,469,422,452,260,33,457,1
1628971,Bruce Brown,Bruce,1610612743,DEN,29.0,78,50,28,0.641,1893.6716666666666,231,492,0.47,55,141,0.39,89,117,0.761,81,213,294,159,83,80,19,42,184,90,606,-96,1411.3,1,0,1312.0,3,19,374,129,84,169,177,242,220,247,115,164,158,310,98,124,120,130,143,49,209,501,551,190,177,460,156,188,33,163,1
1631121,Bryce McGowens,Bryce,1610612740,NOP,23.0,42,14,28,0.333,879.9333333333333,114,237,0.481,38,93,0.409,74,95,0.779,12,76,88,62,17,27,8,21,88,85,340,-70,626.6,0,0,598.0,331,368,374,418,294,312,317,204,280,304,78,204,208,275,414,340,362,314,406,294,327,353,324,200,291,426,329,260,33,328,1
1642267,Bub Carrington,Bub,1610612764,WAS,20.0,78,17,61,0.218,2143.616666666667,287,686,0.418,153,386,0.396,75,104,0.721,33,235,268,357,177,49,16,19,175,104,802,-714,1677.1,0,0,1710.0,3,324,578,511,49,126,96,413,42,51,97,200,189,377,278,100,147,35,23,167,235,329,539,167,121,578,108,260,33,95,1
1631205,Buddy Boeheim,Buddy,1610612760,OKC,26.0,4,2,2,0.5,15.003333333333334,2,6,0.333,2,6,0.333,0,0,0.0,0,0,0,0,0,0,0,1,1,1,6,6,6.0,0,0,8.0,539,512,31,301,557,548,543,525,462,477,291,548,551,548,552,568,573,566,551,550,515,54,5,536,549,217,570,260,33,560,1
1627741,Buddy Hield,Buddy,1610612737,ATL,33.0,50,25,25,0.5,797.9216666666666,131,309,0.424,67,201,0.333,30,37,0.811,27,86,113,68,47,38,9,11,57,16,359,-87,690.6,0,0,701.0,284,229,334,301,313,287,269,389,191,188,291,341,349,210,313,327,328,299,267,238,307,241,237,415,282,451,314,260,33,308,2
1643047,CJ Huntley,CJ,1610612756,PHX,24.0,2,2,0,1.0,6.983333333333333,1,2,0.5,0,0,0.0,0,0,0.0,0,0,0,1,0,0,0,0,1,0,2,3,3.5,0,0,3.0,561,512,1,1,570,554,569,149,504,537,504,548,551,548,552,568,573,551,551,550,515,1,5,561,563,237,573,260,33,573,1
203468,CJ McCollum,CJ,1610612737,ATL,34.0,73,36,37,0.493,2172.52,501,1103,0.454,182,491,0.371,182,235,0.774,59,182,241,279,129,58,31,44,136,166,1366,78,2211.7,0,0,2246.0,48,129,493,323,44,25,21,293,27,25,177,62,56,284,160,162,167,60,56,106,123,511,454,82,32,132,54,260,33,44,2
1630595,Cade Cunningham,Cade,1610612765,DET,24.0,61,44,17,0.721,2095.7733333333335,532,1153,0.461,123,355,0.346,310,381,0.814,53,287,340,603,226,90,52,68,192,295,1497,473,3009.5,37,3,2847.0,189,50,219,63,57,19,18,267,72,67,256,24,23,207,184,62,89,2,8,26,50,563,562,22,21,11,13,6,8,15,1
1631216,Caleb Houstan,Caleb,1610612737,ATL,23.0,18,12,6,0.667,75.46666666666667,14,26,0.538,11,21,0.524,3,3,1.0,5,6,11,4,4,2,1,1,11,2,42,1,66.2,0,0,74.0,455,389,87,93,502,477,490,94,394,420,12,494,508,1,473,512,503,512,493,502,482,54,94,520,477,247,501,260,33,490,1
1631126,Caleb Love,Caleb,1610612757,POR,24.0,47,23,24,0.489,1008.7583333333333,190,489,0.389,93,291,0.32,36,49,0.735,25,89,114,123,61,27,4,34,48,36,509,-119,862.3,0,0,901.0,307,253,319,326,269,216,178,481,130,100,356,314,317,356,326,319,327,178,210,294,403,455,212,350,224,475,275,260,33,253,1
1628997,Caleb Martin,Caleb,1610612742,DAL,30.0,58,20,38,0.345,856.2116666666667,85,189,0.45,20,57,0.351,37,61,0.607,28,115,143,81,40,40,15,15,86,60,227,-196,645.1,0,0,581.0,215,292,499,413,301,349,351,312,351,357,243,311,280,487,305,269,288,270,297,221,244,293,319,268,353,518,326,260,33,335,1
1642353,Cam Christie,Cam,1610612746,LAC,20.0,52,25,27,0.481,468.6666666666667,52,136,0.382,12,49,0.245,38,50,0.76,19,59,78,31,22,16,3,13,19,30,154,-11,329.1,0,0,313.0,266,229,359,329,378,397,386,489,385,370,451,304,312,311,364,368,374,394,385,365,432,269,120,365,389,299,396,260,33,397,1
1642285,Cam Spencer,Cam,1610612763,MEM,25.0,71,23,48,0.324,1693.5183333333334,260,551,0.472,144,322,0.447,125,133,0.94,40,142,182,391,92,52,11,17,100,92,789,-90,1690.9,6,0,1632.0,68,253,552,429,125,146,149,231,52,83,31,109,139,41,241,230,238,30,129,148,281,304,350,187,126,457,104,83,33,106,1
1630560,Cam Thomas,Cam,1610612749,MIL,24.0,42,12,30,0.286,880.5266666666666,189,461,0.41,52,168,0.31,137,169,0.811,11,60,71,108,74,9,4,28,43,149,567,-213,779.2,0,0,824.0,331,389,410,449,293,218,193,435,232,213,374,96,105,211,421,366,387,208,163,426,403,408,199,97,196,526,295,260,33,275,2
1641715,Cam Whitmore,Cam,1610612764,WAS,21.0,21,3,18,0.143,353.98333333333335,77,169,0.456,16,56,0.286,23,31,0.742,19,39,58,15,18,15,8,20,25,21,193,-152,336.1,0,0,328.0,435,491,233,546,410,361,362,289,366,359,419,363,364,351,364,417,406,449,403,376,327,340,145,394,367,500,393,260,33,394,1
1629661,Cameron Johnson,Cameron,1610612743,DEN,30.0,52,35,17,0.673,1580.6483333333333,214,454,0.471,107,249,0.43,90,107,0.841,40,157,197,123,44,39,21,26,119,85,625,311,1181.9,1,0,1172.0,266,142,219,88,143,189,198,236,101,134,46,162,184,140,241,200,217,178,276,230,189,393,403,200,169,37,198,188,33,190,1
1626166,Cameron Payne,Cameron,1610612755,PHI,31.0,22,12,10,0.545,374.33666666666664,56,149,0.376,32,97,0.33,19,22,0.864,3,41,44,58,11,24,7,8,30,22,163,-64,384.8,1,0,359.0,429,389,140,247,401,389,376,496,298,300,321,379,400,110,498,410,432,325,439,314,347,204,161,390,383,420,383,188,33,384,1
1627747,Caris LeVert,Caris,1610612765,DET,31.0,57,41,16,0.719,1105.9316666666666,158,377,0.419,58,176,0.33,50,76,0.658,21,91,112,152,79,48,38,18,89,71,424,-15,965.4,0,0,918.0,221,77,206,66,248,256,228,409,211,207,324,262,248,449,353,314,330,141,154,175,92,316,327,244,258,315,252,260,33,249,1
1642868,Carter Bryant,Carter,1610612759,SAS,20.0,67,53,14,0.791,724.815,91,236,0.386,42,137,0.307,27,38,0.711,32,130,162,35,28,15,19,10,81,25,251,-21,571.9,0,0,558.0,112,10,182,29,335,343,320,483,263,249,383,348,346,389,287,243,263,384,352,376,209,227,310,381,338,336,339,260,33,339,1
1641717,Cason Wallace,Cason,1610612760,OKC,22.0,75,59,16,0.787,2002.3516666666667,250,574,0.436,99,281,0.352,53,66,0.803,61,173,234,196,71,147,27,38,149,62,652,503,1677.8,1,0,1529.0,31,1,206,31,65,153,136,356,116,110,239,253,264,221,152,175,176,97,169,1,141,478,492,263,163,7,107,188,33,128,1
1642907,Cedric Coward,Cedric,1610612763,MEM,22.0,60,20,40,0.333,1558.5366666666666,290,625,0.464,88,265,0.332,136,161,0.845,81,272,353,166,105,38,25,44,123,130,804,-10,1560.6,7,0,1537.0,199,292,510,418,144,121,116,257,138,119,315,98,109,137,98,71,79,125,96,238,157,511,415,123,120,297,128,68,33,127,1
1643052,Chaney Johnson,Chaney,1610612751,BKN,23.0,15,3,12,0.2,303.0516666666667,43,77,0.558,8,26,0.308,24,30,0.8,27,37,64,33,19,14,9,4,46,21,118,-71,294.3,0,0,269.0,460,491,159,518,422,410,432,76,410,411,379,361,369,226,313,421,395,389,397,386,307,139,209,394,412,428,406,260,33,407,1
1629646,Charles Bassey,Charles,1610612744,GSW,25.0,9,3,6,0.333,62.016666666666666,12,18,0.667,0,0,0.0,4,8,0.5,12,13,25,3,3,2,6,1,9,5,28,-22,83.5,0,0,72.0,492,491,87,418,516,483,511,15,504,537,504,485,465,516,414,485,465,528,503,502,368,54,84,491,496,338,487,260,33,492,4
1642404,Chaz Lanier,Chaz,1610612765,DET,24.0,30,25,5,0.833,232.28833333333333,25,78,0.321,18,60,0.3,5,6,0.833,7,13,20,15,2,7,0,2,11,4,73,18,138.5,0,0,140.0,400,229,77,13,441,451,431,538,361,353,397,473,480,154,456,485,485,449,516,442,515,85,94,499,449,192,464,260,33,461,1
1631096,Chet Holmgren,Chet,1610612760,OKC,23.0,67,54,13,0.806,1944.035,418,756,0.553,84,236,0.356,216,271,0.797,126,464,590,110,103,39,125,51,152,253,1136,629,2398.0,22,0,2248.0,112,6,169,24,74,52,78,81,146,147,228,48,48,236,48,9,13,204,104,230,3,535,498,37,53,3,41,19,33,43,1
1628449,Chris Boucher,Chris,1610612738,BOS,33.0,9,4,5,0.444,94.15,8,25,0.32,2,15,0.133,3,4,0.75,2,16,18,3,1,5,7,1,17,4,21,5,82.1,0,0,68.0,492,477,77,357,494,507,493,540,462,442,492,494,497,328,511,473,491,528,532,460,347,54,112,499,508,223,488,260,33,497,1
1641753,Chris Livingston,Chris,1610612739,CLE,22.0,3,2,1,0.667,17.426666666666666,4,7,0.571,0,3,0.0,1,1,1.0,0,3,3,1,0,1,0,0,4,1,9,8,17.1,0,0,15.0,551,512,9,93,553,530,539,65,504,503,504,530,544,1,552,536,548,551,551,526,515,1,48,536,539,211,550,260,33,550,1
1643024,Chris Mañon,Chris,1610612747,LAL,24.0,6,2,4,0.333,25.085,0,2,0.0,0,2,0.0,2,2,1.0,1,5,6,1,1,3,2,0,5,2,2,0,24.7,0,0,19.0,514,512,61,418,546,569,569,569,504,513,504,504,517,1,530,519,525,551,532,486,455,1,56,520,563,251,539,260,33,542,1
101108,Chris Paul,Chris,1610612746,LAC,40.0,16,4,12,0.25,227.535,18,56,0.321,10,30,0.333,1,2,0.5,6,22,28,53,16,11,0,3,23,7,47,-84,177.1,0,0,160.0,458,477,159,480,444,468,454,537,396,405,291,530,517,516,465,455,457,341,410,407,515,119,139,472,469,444,451,260,33,456,1
1642959,Chris Youngblood,Chris,1610612757,POR,24.0,33,28,5,0.848,183.225,22,63,0.349,18,54,0.333,9,10,0.9,7,21,28,12,2,4,3,2,21,9,71,8,141.6,0,0,143.0,388,204,77,12,464,457,448,517,361,362,291,436,452,50,456,459,457,460,516,472,432,85,129,458,452,211,462,260,33,460,2
1631128,Christian Braun,Christian,1610612743,DEN,24.0,42,27,15,0.643,1332.69,191,372,0.513,43,138,0.312,79,100,0.79,60,143,203,118,42,26,12,31,101,71,504,260,996.6,0,0,944.0,331,213,193,125,197,214,232,125,260,248,371,189,202,247,156,227,207,190,283,301,271,437,353,244,228,47,245,260,33,245,1
1631132,Christian Koloko,Christian,1610612737,ATL,25.0,26,16,10,0.615,335.41833333333335,30,69,0.435,1,7,0.143,8,11,0.727,28,45,73,17,13,14,22,12,44,16,69,4,277.1,0,0,232.0,417,341,140,160,417,441,441,360,478,472,490,445,446,367,305,395,383,438,426,386,178,257,202,415,454,232,409,260,33,423,3
1642935,Chucky Hepburn,Chucky,1610612761,TOR,23.0,2,0,2,0.0,13.233333333333333,0,6,0.0,0,5,0.0,0,0,0.0,0,1,1,2,1,1,0,0,2,1,0,-16,6.2,0,0,5.0,561,558,31,558,560,569,543,569,504,483,504,548,551,548,552,558,563,540,532,526,515,1,20,536,573,319,568,260,33,570,1
203991,Clint Capela,Clint,1610612745,HOU,31.0,71,44,27,0.62,871.9816666666667,106,207,0.512,0,0,0.0,40,67,0.597,151,175,326,47,40,33,59,20,67,49,252,131,949.7,0,0,809.0,68,50,359,155,298,321,336,130,504,537,504,296,262,491,25,174,100,357,297,262,41,340,266,306,337,94,254,260,33,278,1
1629632,Coby White,Coby,1610612766,CHA,26.0,48,28,20,0.583,1217.3216666666667,269,606,0.444,110,309,0.356,190,231,0.823,17,150,167,197,124,25,5,33,108,178,838,96,1299.9,1,0,1372.0,298,204,262,195,223,140,124,328,94,88,226,56,61,187,374,215,257,96,66,308,382,449,369,76,111,118,175,188,33,154,2
1628998,Cody Martin,Cody,1610612754,IND,30.0,4,0,4,0.0,55.18,2,10,0.2,0,5,0.0,3,6,0.5,1,13,14,2,4,4,2,1,5,5,7,-28,40.8,0,0,35.0,539,558,61,558,521,548,531,560,504,483,504,494,480,516,530,485,498,540,493,472,455,54,56,491,544,349,521,260,33,522,1
1642262,Cody Williams,Cody,1610612762,UTA,21.0,64,15,49,0.234,1523.7083333333333,219,461,0.475,26,118,0.22,77,109,0.706,60,128,188,121,67,49,26,43,118,78,541,-400,1106.1,2,0,1026.0,151,357,559,497,149,186,193,219,323,272,466,193,180,397,156,249,231,183,185,167,150,507,398,226,207,569,216,151,33,229,1
1641732,Colby Jones,Colby,1610612765,DET,23.0,1,0,1,0.0,6.816666666666666,1,3,0.333,0,2,0.0,0,0,0.0,0,4,4,2,0,0,0,0,1,0,2,12,9.8,0,0,8.0,574,558,9,558,572,554,563,525,504,513,504,548,551,548,552,526,542,540,551,550,515,1,5,561,563,204,559,260,33,560,1
1630175,Cole Anthony,Cole,1610612749,MIL,25.0,35,12,23,0.343,526.635,98,231,0.424,22,72,0.306,16,26,0.615,16,71,87,121,65,20,11,11,73,46,234,-111,547.9,0,0,526.0,379,389,303,414,368,330,324,386,340,333,387,400,382,481,381,348,364,183,192,336,281,241,284,315,346,468,344,260,33,343,1
1630658,Colin Castleton,Colin,1610612753,ORL,25.0,1,0,1,0.0,10.316666666666666,1,3,0.333,0,0,0.0,0,0,0.0,0,4,4,1,2,0,0,0,1,1,2,12,6.3,0,0,7.0,574,558,9,558,565,554,563,525,504,537,504,548,551,548,552,526,542,551,516,550,515,1,5,536,563,204,567,260,33,563,1
1631221,Collin Gillespie,Collin,1610612756,PHX,26.0,77,42,35,0.545,2214.95,345,822,0.42,230,565,0.407,74,85,0.871,82,232,314,366,121,96,16,30,127,133,994,206,2134.8,3,0,2128.0,22,69,471,247,39,85,62,407,7,9,83,204,229,98,96,104,105,33,73,22,235,431,431,121,77,63,60,124,33,56,1
1642867,Collin Murray-Boyles,Collin,1610612761,TOR,20.0,54,28,26,0.519,1190.0416666666667,188,328,0.573,17,50,0.34,66,103,0.641,129,138,267,102,58,49,50,27,138,80,459,-3,1171.4,4,0,1043.0,248,204,345,285,227,219,258,64,363,367,274,222,192,465,45,235,148,221,227,167,55,402,462,218,243,266,204,106,33,224,1
1629012,Collin Sexton,Collin,1610612741,CHI,27.0,64,23,41,0.359,1493.5033333333333,330,678,0.487,109,266,0.41,208,242,0.86,33,105,138,209,132,65,10,48,131,219,977,-114,1549.1,1,0,1583.0,151,253,518,403,154,96,98,186,96,118,74,49,55,116,278,286,298,90,51,85,293,525,442,45,81,471,130,188,33,120,2
1642843,Cooper Flagg,Cooper,1610612742,DAL,19.0,66,21,45,0.318,2235.955,529,1118,0.473,68,229,0.297,268,327,0.82,80,356,436,302,156,82,62,69,138,275,1394,-275,2646.2,12,0,2488.0,129,278,541,433,34,21,20,225,188,157,408,34,34,193,102,36,42,46,36,44,35,566,462,29,29,544,26,45,33,31,1
1630557,Corey Kispert,Corey,1610612737,ATL,27.0,55,26,29,0.473,1034.7016666666666,175,377,0.464,80,224,0.357,73,89,0.82,26,103,129,89,43,16,9,20,59,65,503,-126,823.3,0,0,851.0,238,221,394,335,264,237,228,255,158,162,222,208,222,192,318,294,309,252,279,365,307,340,243,258,230,482,279,260,33,267,2
1642504,Cormac Ryan,Cormac,1610612749,MIL,27.0,7,1,6,0.143,140.23333333333332,24,44,0.545,13,26,0.5,16,17,0.941,4,4,8,10,8,9,2,1,14,10,77,-5,126.6,0,0,130.0,506,539,87,546,473,453,468,85,378,411,14,400,424,40,485,526,516,470,459,426,455,54,101,454,447,274,472,260,33,466,1
1641854,Craig Porter Jr.,Craig,1610612739,CLE,26.0,61,41,20,0.672,1077.0116666666668,107,243,0.44,31,89,0.348,20,36,0.556,76,124,200,192,56,55,35,18,67,49,265,90,1007.0,0,0,868.0,189,77,262,89,255,319,313,336,300,311,251,373,353,505,108,254,208,104,234,126,101,316,266,306,334,123,243,260,33,263,1
1642938,Curtis Jones,Curtis,1610612743,DEN,24.0,7,5,2,0.714,32.75,4,14,0.286,1,9,0.111,0,0,0.0,1,4,5,4,1,1,0,0,3,1,9,6,23.0,0,0,21.0,506,466,31,71,538,530,519,549,478,462,499,548,551,548,530,526,532,512,532,526,515,1,32,536,539,217,541,260,33,541,1
1626156,D'Angelo Russell,D'Angelo,1610612764,WAS,30.0,26,9,17,0.346,494.775,94,232,0.405,33,112,0.295,43,60,0.717,8,53,61,104,49,12,2,5,30,51,264,-41,486.2,1,0,490.0,417,418,219,412,374,338,322,448,296,281,410,289,285,379,441,385,400,216,263,402,455,152,161,300,335,379,360,188,33,355,1
1629610,DaQuan Jeffries,DaQuan,1610612758,SAC,28.0,3,0,3,0.0,59.903333333333336,11,19,0.579,4,9,0.444,5,5,1.0,3,2,5,1,0,2,0,1,9,5,31,1,44.5,0,0,45.0,551,558,51,558,519,488,506,61,437,462,32,473,492,1,498,547,532,551,551,502,515,54,84,491,492,247,516,260,33,512,1
1641747,DaRon Holmes II,DaRon,1610612743,DEN,23.0,22,14,8,0.636,199.99333333333334,30,58,0.517,19,42,0.452,9,11,0.818,6,24,30,16,11,0,4,2,19,15,88,-18,149.0,0,0,161.0,429,368,114,136,454,441,453,119,357,378,29,436,446,196,465,449,453,444,439,550,403,85,120,423,438,327,459,260,33,455,1
1631342,Daeqwon Plowden,Daeqwon,1610612758,SAC,27.0,29,8,21,0.276,758.6516666666666,107,251,0.426,55,167,0.329,36,43,0.837,28,58,86,35,21,21,4,11,70,37,305,-203,514.7,0,0,531.0,405,433,268,462,325,319,305,377,220,215,326,314,330,148,305,374,366,384,390,329,403,241,276,343,310,522,351,260,33,341,1
1630625,Dalano Banton,Dalano,1610612738,BOS,26.0,5,3,2,0.6,25.15,4,9,0.444,0,0,0.0,2,2,1.0,1,0,1,4,2,1,1,2,1,1,10,-12,21.2,0,0,19.0,526,491,31,174,545,530,535,326,504,537,504,504,517,1,530,568,563,512,516,526,482,85,5,536,532,303,544,260,33,542,2
1631207,Dalen Terry,Dalen,1610612755,PHI,23.0,47,21,26,0.447,546.81,67,154,0.435,24,66,0.364,16,29,0.552,25,59,84,66,26,29,15,8,49,39,174,-39,479.8,0,0,436.0,307,278,345,356,365,373,372,358,331,342,201,400,372,508,326,368,369,305,361,283,244,204,213,334,382,375,363,260,33,366,2
1642261,Dalton Knecht,Dalton,1610612747,LAL,24.0,50,31,19,0.62,514.5616666666666,78,175,0.446,31,102,0.304,14,20,0.7,13,55,68,17,20,10,10,10,41,17,201,-79,348.1,0,0,357.0,284,174,243,154,371,360,361,323,300,293,391,411,406,405,406,382,389,438,396,413,293,227,192,409,365,436,390,260,33,385,1
1629655,Daniel Gafford,Daniel,1610612742,DAL,27.0,55,12,43,0.218,1194.4383333333333,207,316,0.655,0,0,0.0,110,161,0.683,138,240,378,58,63,42,69,41,144,149,524,-188,1334.6,10,0,1182.0,238,389,531,510,226,201,264,24,504,537,504,132,109,424,37,95,66,325,198,207,24,497,481,97,214,515,165,55,33,186,1
1642450,Daniss Jenkins,Daniss,1610612765,DET,24.0,68,51,17,0.75,1364.4333333333334,222,535,0.415,71,185,0.384,121,148,0.818,48,105,153,258,104,60,14,44,101,134,636,210,1324.6,3,0,1266.0,100,16,219,46,187,179,155,423,180,198,137,118,125,199,205,286,270,67,100,100,249,511,353,118,167,61,171,124,33,172,1
1642874,Danny Wolf,Danny,1610612751,BKN,21.0,57,14,43,0.246,1187.1616666666666,178,440,0.405,68,211,0.322,84,109,0.771,57,224,281,127,73,30,32,32,126,72,508,-231,1148.7,2,0,1108.0,221,368,531,491,228,233,206,451,188,180,345,174,180,293,165,114,131,171,167,276,116,442,425,239,226,531,211,151,33,208,1
203967,Dario Saric,Dario,1610612758,SAC,31.0,5,1,4,0.2,41.248333333333335,1,6,0.167,1,3,0.333,2,2,1.0,1,5,6,2,2,0,0,1,3,1,5,0,13.2,0,0,14.0,526,539,61,518,530,554,543,565,478,503,291,504,517,1,530,519,525,540,516,550,515,54,32,536,553,251,556,260,33,552,1
1641727,Dariq Whitehead,Dariq,1610612763,MEM,21.0,2,0,2,0.0,60.88333333333333,9,29,0.31,4,17,0.235,2,3,0.667,0,7,7,4,3,4,0,2,4,3,24,-16,47.4,0,0,47.0,561,558,31,558,518,500,484,543,437,436,457,504,508,436,552,508,521,512,503,472,515,85,48,506,503,319,509,260,33,510,1
1642468,Darius Brown,Darius,1610612739,CLE,26.0,1,1,0,1.0,2.6666666666666665,0,1,0.0,0,0,0.0,0,0,0.0,0,1,1,0,0,0,0,0,0,0,0,-4,1.2,0,0,1.0,574,539,1,1,578,569,574,569,504,537,504,548,551,548,552,558,563,566,551,550,515,1,1,561,573,270,577,260,33,577,1
1629636,Darius Garland,Darius,1610612746,LAC,26.0,42,24,18,0.571,1248.7433333333333,289,621,0.465,117,289,0.405,97,114,0.851,17,83,100,284,124,39,7,24,75,107,792,73,1352.0,7,0,1385.0,331,241,233,213,215,123,119,249,84,102,85,150,164,128,374,329,346,54,66,230,347,377,288,158,125,136,161,68,33,151,2
1642357,David Jones Garcia,David,1610612759,SAS,24.0,11,7,4,0.636,67.975,13,25,0.52,3,5,0.6,3,6,0.5,4,9,13,18,5,6,1,4,6,8,32,38,90.6,0,0,80.0,480,441,61,136,510,482,493,112,445,483,8,494,480,516,485,496,499,435,483,452,482,139,63,464,491,160,484,260,33,485,1
1631223,David Roddy,David,1610612743,DEN,25.0,3,2,1,0.667,13.883333333333333,1,5,0.2,0,4,0.0,2,2,1.0,1,4,5,2,0,1,0,0,2,1,4,-16,16.0,0,0,13.0,551,512,9,93,558,554,552,560,504,494,504,504,517,1,530,526,532,540,551,526,515,1,20,536,555,319,552,260,33,555,1
1630558,Davion Mitchell,Davion,1610612748,MIA,27.0,67,36,31,0.537,1913.905,245,507,0.483,87,220,0.395,41,61,0.672,30,151,181,435,103,67,11,21,174,79,618,232,1618.7,4,0,1477.0,112,129,425,262,79,156,167,194,140,169,100,293,280,434,299,213,240,14,104,77,281,353,536,221,172,53,119,106,33,136,1
1630549,Day'Ron Sharpe,Day'Ron,1610612751,BKN,24.0,62,17,45,0.274,1159.915,214,356,0.601,9,39,0.231,103,152,0.678,171,242,413,145,106,67,26,33,147,122,540,-114,1426.1,5,0,1293.0,172,324,541,464,234,189,241,45,403,387,460,142,117,430,19,94,49,149,93,77,150,449,487,134,209,471,154,94,33,166,1
1628368,De'Aaron Fox,De'Aaron,1610612759,SAS,28.0,68,52,16,0.765,2109.165,478,980,0.488,121,366,0.331,179,235,0.762,41,217,258,419,155,84,17,50,154,179,1256,427,2342.1,7,0,2256.0,100,12,206,40,56,35,40,183,75,60,319,65,56,308,235,121,155,21,38,38,229,533,503,74,43,15,45,68,33,41,1
1629631,De'Andre Hunter,De'Andre,1610612758,SAC,28.0,45,24,21,0.533,1175.4866666666667,208,501,0.415,75,246,0.305,124,143,0.867,30,155,185,90,75,30,6,19,112,138,615,-21,1005.0,0,0,1037.0,316,241,268,268,232,200,172,422,166,137,389,113,130,105,299,204,236,245,161,276,368,329,375,114,173,336,244,260,33,226,2
1629001,De'Anthony Melton,De'Anthony,1610612744,GSW,27.0,45,21,24,0.467,1034.57,201,496,0.405,65,227,0.286,91,110,0.827,37,107,144,113,85,73,18,30,89,87,558,118,1088.3,0,0,1062.0,316,278,319,342,265,206,175,447,193,158,418,160,177,171,259,285,287,197,140,63,218,431,327,195,199,102,221,260,33,218,1
201599,DeAndre Jordan,DeAndre,1610612740,NOP,37.0,12,6,6,0.5,198.8,21,32,0.656,0,0,0.0,11,17,0.647,26,50,76,11,9,4,10,5,16,14,53,-1,193.7,0,0,168.0,473,455,87,301,455,463,481,23,504,537,504,429,424,460,318,388,375,467,453,472,293,152,108,430,463,256,445,260,33,452,1
1630610,DeJon Jarreau,DeJon,1610612763,MEM,28.0,11,2,9,0.182,230.73333333333332,33,83,0.398,4,30,0.133,18,23,0.783,12,39,51,36,26,10,8,5,28,19,88,-112,231.2,0,0,215.0,480,512,125,531,443,431,425,465,437,405,492,386,394,266,414,417,418,381,361,413,327,152,155,402,438,469,426,260,33,429,1
201942,DeMar DeRozan,DeMar,1610612758,SAC,36.0,77,20,57,0.26,2405.515,499,1005,0.497,47,147,0.32,374,431,0.868,35,191,226,316,96,80,23,38,149,308,1419,-588,2377.2,2,0,2214.0,22,292,575,475,21,27,35,163,248,233,355,11,13,103,268,153,183,44,114,49,171,478,492,20,28,577,42,151,33,48,1
1629731,Dean Wade,Dean,1610612739,CLE,29.0,57,35,22,0.614,1279.0,118,273,0.432,68,192,0.354,27,38,0.711,51,189,240,86,16,43,22,11,89,43,331,157,927.0,1,0,855.0,221,142,287,163,206,306,290,367,188,195,232,348,346,389,190,155,168,257,410,203,178,241,327,322,301,86,259,188,33,266,1
1629028,Deandre Ayton,Deandre,1610612747,LAL,27.0,68,43,25,0.632,1849.1516666666666,379,564,0.672,0,0,0.0,83,131,0.634,176,376,552,57,82,40,64,26,150,107,841,-33,1818.9,21,0,1658.0,100,57,334,141,93,69,141,14,504,537,504,179,141,473,17,30,19,329,146,221,33,393,496,158,109,358,85,20,33,104,1
1627749,Dejounte Murray,Dejounte,1610612740,NOP,29.0,14,5,9,0.357,389.4166666666667,88,182,0.484,19,62,0.306,39,45,0.867,4,71,75,89,47,23,3,5,33,31,234,20,488.5,1,0,469.0,464,466,125,404,398,346,353,192,357,352,384,299,323,106,485,348,379,252,267,318,432,152,171,361,346,186,359,188,33,359,1
1630166,Deni Avdija,Deni,1610612757,POR,25.0,62,33,29,0.532,2054.1316666666667,453,990,0.458,117,369,0.317,460,576,0.799,72,362,434,414,237,49,39,74,158,407,1483,3,2651.8,18,3,2624.0,172,164,394,270,62,41,39,280,84,59,360,3,3,232,114,34,43,22,5,167,88,570,512,6,23,237,25,26,8,25,1
203471,Dennis Schröder,Dennis,1610612739,CLE,32.0,67,27,40,0.403,1636.6316666666667,243,605,0.402,73,223,0.327,163,196,0.832,31,151,182,323,119,53,11,45,104,166,722,-220,1497.9,2,0,1428.0,112,213,510,381,133,158,126,455,173,165,330,76,82,161,293,213,238,43,77,142,281,515,362,82,147,528,143,151,33,143,2
1641726,Dereck Lively II,Dereck,1610612742,DAL,22.0,7,3,4,0.429,115.27333333333333,11,18,0.611,0,0,0.0,8,10,0.8,14,23,37,13,10,4,11,2,21,9,30,14,128.9,0,0,110.0,506,491,61,367,484,488,511,43,504,537,504,445,452,226,399,452,445,458,447,472,281,85,129,458,493,198,469,260,33,472,1
1642852,Derik Queen,Derik,1610612740,NOP,21.0,78,25,53,0.321,1905.81,328,697,0.471,22,84,0.262,198,250,0.792,126,401,527,283,177,79,68,54,207,203,876,-292,2196.9,11,2,2002.0,3,229,569,432,81,97,93,238,340,322,437,51,51,243,48,19,24,55,23,54,28,544,565,57,100,552,55,50,14,68,1
1627884,Derrick Jones Jr.,Derrick,1610612746,LAC,29.0,46,24,22,0.522,1251.6483333333333,178,351,0.507,50,142,0.352,66,87,0.759,51,101,152,65,36,44,47,19,94,84,472,138,988.9,0,0,921.0,312,241,287,283,213,233,245,136,239,244,240,222,224,317,190,299,273,308,316,197,62,329,337,204,238,91,247,260,33,248,1
1628401,Derrick White,Derrick,1610612738,BOS,31.0,74,50,24,0.676,2534.835,428,1084,0.395,202,620,0.326,180,200,0.9,83,249,332,405,132,85,98,34,118,211,1238,565,2660.9,1,0,2543.0,38,19,319,87,10,49,25,474,18,3,336,63,81,50,94,91,95,24,51,36,11,455,398,53,45,5,22,188,33,29,1
1630217,Desmond Bane,Desmond,1610612753,ORL,27.0,78,42,36,0.538,2659.358333333333,563,1163,0.484,161,412,0.391,307,336,0.914,95,233,328,326,158,80,33,80,242,224,1594,86,2657.6,1,0,2635.0,3,69,482,257,3,16,15,189,37,40,112,26,32,48,77,102,98,42,34,49,110,572,576,42,15,127,23,188,33,24,1
1626164,Devin Booker,Devin,1610612756,PHX,29.0,62,36,26,0.581,2070.8966666666665,526,1155,0.455,118,358,0.33,430,495,0.869,46,193,239,369,194,51,18,59,165,412,1600,188,2453.3,6,0,2464.0,172,129,345,199,58,22,16,290,82,65,323,6,7,102,215,150,172,32,18,154,218,555,522,4,14,75,38,83,33,32,1
1642269,Devin Carter,Devin,1610612758,SAC,24.0,35,7,28,0.2,610.2716666666666,104,255,0.408,24,100,0.24,64,83,0.771,28,79,107,84,47,29,7,12,44,81,296,-112,611.4,0,0,583.0,379,441,374,518,351,324,301,439,331,294,454,228,233,291,305,336,336,266,267,283,347,257,202,214,317,469,333,260,33,334,1
1630170,Devin Vassell,Devin,1610612759,SAS,25.0,63,49,14,0.778,1922.6316666666667,312,713,0.438,159,409,0.389,102,125,0.816,35,216,251,158,55,52,25,18,101,88,885,489,1599.2,1,0,1607.0,166,28,182,35,76,110,90,349,38,44,119,143,146,201,268,122,161,132,240,148,157,316,353,194,98,9,122,188,33,112,1
1628415,Dillon Brooks,Dillon,1610612756,PHX,30.0,53,31,22,0.585,1614.16,398,911,0.437,122,353,0.346,163,190,0.858,40,153,193,94,93,54,9,29,175,179,1081,-41,1549.6,0,0,1616.0,258,174,287,193,138,58,48,351,74,69,258,76,89,118,241,206,222,236,123,137,307,420,539,74,62,379,129,260,33,109,1
1641794,Dillon Jones,Dillon,1610612752,NYK,24.0,6,5,1,0.833,27.288333333333334,1,6,0.167,1,4,0.25,4,4,1.0,2,4,6,4,0,2,0,1,5,2,7,8,26.2,0,0,22.0,514,466,9,13,540,554,543,565,478,494,442,485,497,1,511,526,525,512,551,502,515,54,56,520,544,211,536,260,33,538,1
1627734,Domantas Sabonis,Domantas,1610612758,SAC,29.0,19,3,16,0.158,563.5883333333334,120,221,0.543,5,27,0.185,56,77,0.727,64,152,216,78,51,18,4,18,66,68,301,-177,692.2,12,0,644.0,450,491,206,542,362,302,328,90,432,410,481,243,244,367,143,207,193,275,257,355,403,316,262,249,313,508,312,45,33,314,1
1631230,Dominick Barlow,Dominick,1610612755,PHI,22.0,67,38,29,0.567,1609.72,209,384,0.544,21,81,0.259,89,125,0.712,125,193,318,85,55,56,49,25,141,103,528,5,1297.1,2,0,1162.0,112,110,394,217,139,197,225,87,347,326,439,164,146,387,50,150,103,262,240,120,58,383,472,168,212,223,176,151,33,193,1
1642270,Donovan Clingan,Donovan,1610612757,POR,22.0,73,39,34,0.534,1983.3833333333334,334,642,0.52,74,226,0.327,132,196,0.673,329,517,846,154,93,43,122,39,174,168,874,23,2522.2,33,0,2278.0,48,100,461,267,69,89,109,111,169,160,329,103,82,433,1,7,3,136,123,203,4,487,536,81,101,181,31,8,33,40,1
1628378,Donovan Mitchell,Donovan,1610612739,CLE,29.0,69,44,25,0.638,2307.3633333333332,666,1384,0.481,223,612,0.364,366,424,0.863,49,260,309,394,196,104,19,45,161,319,1921,350,3055.8,5,0,3093.0,86,50,334,134,30,5,5,203,8,6,198,12,15,112,199,78,108,28,16,12,209,515,517,16,5,27,12,94,33,9,1
1628978,Donte DiVincenzo,Donte,1610612750,MIN,29.0,78,46,32,0.59,2405.62,324,799,0.406,233,614,0.379,75,99,0.758,65,260,325,302,115,102,32,14,188,116,956,335,2086.0,1,0,2084.0,3,38,437,188,20,100,68,445,6,5,152,200,205,320,136,78,101,46,83,14,116,280,556,144,85,30,64,188,33,62,1
1627827,Dorian Finney-Smith,Dorian,1610612745,HOU,32.0,36,22,14,0.611,599.3283333333334,41,124,0.331,26,95,0.274,6,7,0.857,33,58,91,35,22,15,6,5,60,8,114,-7,316.7,0,0,308.0,372,267,182,167,353,416,390,534,323,302,428,465,475,119,278,374,356,384,385,376,368,152,245,464,415,281,400,260,33,400,1
203926,Doug McDermott,Doug,1610612758,SAC,34.0,26,7,19,0.269,370.665,47,116,0.405,42,106,0.396,2,2,1.0,6,23,29,19,10,4,3,1,19,2,138,-88,212.3,0,0,242.0,417,441,243,470,403,402,396,448,263,290,98,504,517,1,465,452,456,429,447,472,432,54,120,520,401,453,436,260,33,416,1
1642962,Drake Powell,Drake,1610612751,BKN,20.0,60,15,45,0.25,1233.7466666666667,136,325,0.418,50,168,0.298,65,71,0.915,21,83,104,90,56,33,11,23,86,46,387,-396,722.8,0,0,719.0,199,357,541,480,218,274,260,412,239,213,406,226,254,47,353,329,340,245,234,262,281,366,319,315,268,568,306,260,33,303,1
203110,Draymond Green,Draymond,1610612744,GSW,36.0,65,30,35,0.462,1796.1383333333333,203,484,0.419,100,304,0.329,54,78,0.692,52,308,360,357,171,58,41,16,190,105,560,-123,1653.5,2,0,1575.0,143,187,471,344,103,205,181,408,114,92,328,250,243,417,187,53,75,35,26,106,79,297,559,164,198,480,113,151,33,123,1
1629234,Drew Eubanks,Drew,1610612758,SAC,29.0,42,10,32,0.238,552.27,93,156,0.596,1,7,0.143,32,57,0.561,39,88,127,19,30,15,26,11,57,51,219,-157,492.9,1,0,448.0,331,407,437,494,364,341,371,56,478,472,490,330,292,502,245,325,313,429,338,376,150,241,237,300,358,502,357,188,33,364,1
1641809,Drew Peterson,Drew,1610612766,CHA,26.0,6,1,5,0.167,64.26833333333333,2,16,0.125,0,12,0.0,1,2,0.5,3,6,9,2,0,3,1,0,3,3,5,-10,30.8,0,0,24.0,514,539,77,536,515,548,515,568,504,454,504,530,517,516,498,512,510,540,551,486,482,1,32,506,553,297,532,260,33,537,1
1631166,Drew Timme,Drew,1610612747,LAL,25.0,23,15,8,0.652,186.49833333333333,30,51,0.588,8,19,0.421,4,7,0.571,9,19,28,17,7,5,0,4,15,7,72,5,139.1,0,0,135.0,427,357,114,116,462,441,462,58,410,429,55,485,475,498,436,464,457,438,468,460,515,139,104,472,450,223,463,260,33,465,1
1630696,Dru Smith,Dru,1610612748,MIA,28.0,70,38,32,0.543,1141.3083333333334,135,325,0.415,38,129,0.295,87,105,0.829,62,111,173,180,55,100,21,31,109,89,395,-83,1180.6,0,0,1028.0,80,110,437,252,240,275,260,421,280,258,411,167,186,167,147,279,248,113,240,17,189,437,370,192,264,442,200,260,33,228,1
1629130,Duncan Robinson,Duncan,1610612765,DET,31.0,74,55,19,0.743,2041.36,300,669,0.448,212,519,0.408,79,104,0.76,29,170,199,153,51,42,22,14,165,112,891,501,1500.3,0,0,1583.0,38,5,243,52,63,114,100,315,12,17,79,189,189,315,303,182,212,138,257,207,178,280,522,153,95,8,142,260,33,120,1
1641871,Duop Reath,Duop,1610612757,POR,29.0,32,16,16,0.5,258.17,33,74,0.446,23,55,0.418,5,6,0.833,10,28,38,10,7,5,8,2,28,6,94,-39,186.6,0,0,191.0,394,341,206,301,435,431,435,322,336,360,61,473,480,154,428,440,444,470,468,460,327,85,155,482,431,375,448,260,33,441,1
203939,Dwight Powell,Dwight,1610612742,DAL,34.0,59,18,41,0.305,819.6483333333333,58,88,0.659,1,3,0.333,74,108,0.685,84,139,223,57,37,30,20,10,117,105,191,9,657.1,3,0,572.0,211,315,518,441,307,387,422,21,478,503,291,204,183,423,91,233,186,329,312,276,202,227,394,164,368,210,321,124,33,337,1
1642928,Dylan Cardwell,Dylan,1610612758,SAC,24.0,41,12,29,0.293,836.155,95,162,0.586,1,2,0.5,26,49,0.531,132,176,308,59,38,27,61,19,145,50,217,-58,901.1,3,0,761.0,344,389,394,446,304,334,364,59,478,513,14,351,317,513,41,171,109,320,307,294,37,329,483,304,361,409,266,124,33,293,1
1642844,Dylan Harper,Dylan,1610612759,SAS,20.0,65,50,15,0.769,1453.4733333333334,310,613,0.506,57,171,0.333,84,113,0.743,49,169,218,251,93,51,21,51,131,90,761,289,1522.1,0,0,1431.0,143,19,193,38,164,111,123,140,214,211,291,174,167,347,199,185,192,70,123,154,189,535,442,190,131,41,137,260,33,142,1
1630700,Dyson Daniels,Dyson,1610612737,ATL,23.0,73,43,30,0.589,2419.11,387,745,0.519,20,110,0.182,71,114,0.623,172,319,491,428,132,143,30,39,152,126,865,274,2483.2,13,1,2150.0,48,57,410,190,19,63,82,115,351,288,483,211,164,477,18,46,30,16,51,2,127,487,498,129,103,45,35,40,21,55,1
1630604,E.J. Liddell,E.J.,1610612751,BKN,25.0,22,4,18,0.182,232.42333333333335,27,64,0.422,9,35,0.257,7,11,0.636,11,34,45,17,11,3,10,4,32,15,70,-9,177.5,0,0,167.0,429,477,233,531,440,449,445,399,403,398,440,454,446,468,421,426,431,438,439,486,293,139,167,423,453,292,450,260,33,453,1
1642856,Egor Dëmin,Egor,1610612751,BKN,20.0,52,14,38,0.269,1308.2083333333333,179,449,0.399,124,322,0.385,54,65,0.831,21,144,165,173,86,42,17,16,93,61,536,-161,1084.5,1,0,1116.0,266,368,499,470,201,232,202,463,71,83,134,250,268,164,353,225,258,118,136,207,229,297,334,266,210,503,222,188,33,204,1
1641989,Elijah Harkless,Elijah,1610612762,UTA,26.0,26,5,21,0.192,544.8133333333334,54,161,0.335,21,88,0.239,49,64,0.766,10,43,53,75,26,31,6,10,52,70,178,-33,439.1,1,0,401.0,417,466,268,529,366,393,366,524,347,313,456,265,273,300,428,401,414,285,361,270,368,227,220,246,377,358,371,188,33,373,1
1641801,Emanuel Miller,Emanuel,1610612759,SAS,25.0,5,0,5,0.0,33.05,6,13,0.462,2,6,0.333,1,2,0.5,1,2,3,4,0,2,0,0,2,1,15,-19,30.6,0,0,28.0,526,558,77,558,537,518,522,264,462,477,291,530,517,516,530,547,548,512,551,502,515,1,20,536,522,332,533,260,33,532,1
1642402,Enrique Freeman,Enrique,1610612750,MIN,25.0,2,1,1,0.5,7.983333333333333,0,0,0.0,0,0,0.0,0,0,0.0,0,3,3,0,0,0,1,0,0,0,0,8,6.6,0,0,5.0,561,539,9,301,568,569,577,569,504,537,504,548,551,548,552,536,548,566,551,550,482,1,1,561,573,211,565,260,33,570,1
201569,Eric Gordon,Eric,1610612755,PHI,37.0,6,3,3,0.5,73.75,12,21,0.571,8,14,0.571,1,2,0.5,1,1,2,3,3,4,1,1,3,1,33,-31,51.9,0,0,56.0,514,491,51,301,503,483,500,65,410,445,10,530,517,516,530,558,555,528,503,472,482,54,32,536,487,355,508,260,33,505,1
1630679,Ethan Thompson,Ethan,1610612754,IND,26.0,28,7,21,0.25,517.4683333333334,55,152,0.362,30,93,0.323,18,25,0.72,14,37,51,41,17,17,8,10,62,30,158,2,338.7,0,0,330.0,408,441,268,480,370,391,374,513,307,304,344,386,388,378,399,421,418,369,406,359,327,227,247,365,387,240,392,260,33,393,1
1630596,Evan Mobley,Evan,1610612739,CLE,24.0,62,38,24,0.613,1991.205,447,821,0.544,61,204,0.299,169,279,0.606,147,408,555,226,114,48,109,47,155,218,1124,222,2486.0,26,0,2280.0,172,110,319,165,66,42,63,86,202,186,403,74,47,488,27,15,17,80,85,175,9,522,506,46,55,58,34,14,33,39,1
1630532,Franz Wagner,Franz,1610612753,ORL,24.0,31,18,13,0.581,948.3016666666666,222,463,0.479,42,125,0.336,151,183,0.825,41,130,171,106,52,31,10,30,67,142,637,52,1072.2,0,0,1038.0,399,315,169,199,279,179,190,208,263,264,286,85,93,178,235,243,251,211,254,270,293,431,266,108,166,148,224,260,33,225,1
1641713,GG Jackson,GG,1610612763,MEM,21.0,54,16,38,0.296,1159.6316666666667,252,505,0.499,63,190,0.332,108,147,0.735,49,181,230,78,84,30,42,35,75,103,675,-85,1200.0,1,0,1190.0,248,341,499,443,235,152,168,160,196,196,316,134,126,356,199,164,180,275,141,276,75,462,288,168,158,446,195,188,33,185,1
1629216,Gabe Vincent,Gabe,1610612737,ATL,29.0,50,35,15,0.7,839.8633333333333,72,209,0.344,55,166,0.331,19,20,0.95,14,36,50,72,26,27,3,10,76,29,218,31,450.0,0,0,455.0,284,142,193,77,303,365,334,519,220,218,318,379,406,37,399,423,422,291,361,294,432,227,296,369,360,170,368,260,33,362,2
202066,Garrett Temple,Garrett,1610612761,TOR,39.0,21,9,12,0.429,68.62,3,14,0.214,2,11,0.182,6,9,0.667,1,7,8,8,7,3,2,1,6,7,14,-6,43.6,0,0,42.0,435,418,159,367,509,541,519,559,462,456,483,465,456,436,530,508,516,486,468,486,455,54,63,472,523,279,518,260,33,514,1
1629726,Garrison Mathews,Garrison,1610612754,IND,29.0,15,4,11,0.267,196.1,21,52,0.404,17,46,0.37,19,23,0.826,2,15,17,10,3,6,3,2,19,22,78,-2,137.4,0,0,140.0,460,477,151,474,456,463,459,453,363,374,182,379,394,175,511,477,492,470,503,452,432,85,120,390,446,260,466,260,33,461,1
203914,Gary Harris,Gary,1610612749,MIL,31.0,46,15,31,0.326,631.6666666666666,43,95,0.453,27,64,0.422,8,9,0.889,14,43,57,49,19,26,7,3,50,6,121,-109,342.9,0,0,320.0,312,357,425,426,346,410,416,298,318,347,52,445,456,72,399,401,408,352,397,301,347,119,216,482,411,467,391,260,33,396,1
1627780,Gary Payton II,Gary,1610612744,GSW,33.0,69,32,37,0.464,1076.4416666666666,227,396,0.573,37,125,0.296,22,36,0.611,95,160,255,119,59,60,21,14,126,36,513,-119,1181.5,2,0,1086.0,86,169,493,343,256,174,220,63,285,264,409,367,353,484,77,194,158,188,219,100,189,280,425,350,220,475,199,151,33,214,1
1629018,Gary Trent Jr.,Gary,1610612749,MIL,27.0,64,24,40,0.375,1358.3316666666667,180,461,0.39,123,334,0.368,39,51,0.765,8,59,67,78,39,34,3,12,82,45,522,-332,791.4,0,0,864.0,151,241,510,397,190,228,193,478,72,76,188,299,306,302,441,368,390,275,302,257,432,257,313,318,216,557,291,260,33,264,1
203507,Giannis Antetokounmpo,Giannis,1610612749,MIL,31.0,36,17,19,0.472,1039.23,373,598,0.624,15,45,0.333,232,357,0.65,98,254,352,196,115,34,24,35,86,290,993,96,1768.4,19,0,1672.0,372,324,243,336,263,75,129,37,374,376,291,43,31,458,73,86,81,97,83,257,162,462,319,25,78,118,92,24,33,101,1
1629048,Goga Bitadze,Goga,1610612753,ORL,26.0,60,31,29,0.517,893.1183333333333,134,199,0.673,2,11,0.182,62,88,0.705,121,162,283,76,39,34,56,13,125,85,332,5,1016.6,1,0,873.0,199,174,394,286,290,278,344,13,462,456,483,230,223,403,56,192,128,284,302,257,43,269,422,200,300,223,241,188,33,262,1
1641711,Gradey Dick,Gradey,1610612761,TOR,22.0,72,40,32,0.556,1043.455,156,374,0.417,55,185,0.297,74,85,0.871,41,105,146,50,41,43,7,21,96,62,441,130,800.2,1,0,792.0,64,87,437,231,262,258,231,418,220,198,407,204,229,98,235,286,284,350,289,203,347,353,344,263,252,95,285,188,33,284,1
1641761,Grant Nelson,Grant,1610612751,BKN,24.0,4,0,4,0.0,35.01,5,9,0.556,0,0,0.0,7,10,0.7,1,5,6,5,4,1,5,2,6,8,17,-7,45.7,0,0,40.0,539,558,61,558,535,525,535,79,504,537,504,454,452,405,530,519,525,506,493,526,382,85,63,464,518,281,514,260,33,515,1
1629684,Grant Williams,Grant,1610612766,CHA,27.0,33,24,9,0.727,642.7783333333333,71,166,0.428,47,121,0.388,44,54,0.815,41,89,130,54,30,13,14,6,53,49,233,206,521.0,0,0,518.0,388,241,125,58,345,366,363,375,248,269,122,284,302,203,235,319,307,338,338,394,249,173,223,306,348,63,348,260,33,349,1
1628960,Grayson Allen,Grayson,1610612756,PHX,30.0,49,26,23,0.531,1429.095,266,656,0.405,158,448,0.353,135,159,0.849,34,113,147,192,77,67,12,30,114,148,825,31,1449.4,0,0,1480.0,291,221,303,272,171,141,103,446,39,32,238,100,112,131,274,276,281,104,158,77,271,431,383,99,115,170,151,260,33,134,1
1627824,Guerschon Yabusele,Guerschon,1610612741,CHI,30.0,65,30,35,0.462,964.0233333333333,120,299,0.401,67,188,0.356,52,70,0.743,55,168,223,59,39,25,14,17,77,51,359,-188,793.1,4,0,786.0,143,187,471,344,274,302,272,456,191,197,225,259,256,348,174,187,186,320,302,308,249,304,298,300,282,515,289,106,33,287,2
1630611,Gui Santos,Gui,1610612744,GSW,23.0,66,29,37,0.439,1351.93,224,444,0.505,77,219,0.352,86,118,0.729,71,185,256,151,101,59,22,29,135,117,611,26,1286.7,3,0,1257.0,129,195,493,363,192,176,204,143,164,173,242,171,155,365,116,160,157,143,109,104,178,420,452,141,176,177,177,124,33,174,1
203084,Harrison Barnes,Harrison,1610612759,SAS,33.0,73,54,19,0.74,1889.275,248,548,0.453,135,345,0.391,96,116,0.828,61,146,207,144,58,48,12,20,78,97,727,304,1313.4,0,0,1333.0,48,6,243,54,85,155,150,299,57,71,111,152,160,169,152,220,202,151,227,175,271,340,302,178,146,38,174,260,33,158,1
1631127,Harrison Ingram,Harrison,1610612759,SAS,23.0,6,5,1,0.833,20.483333333333334,5,6,0.833,1,1,1.0,0,0,0.0,3,0,3,1,1,0,0,0,2,1,11,-4,15.1,0,0,16.0,514,466,9,13,549,525,543,2,478,523,1,548,551,548,498,568,548,551,532,550,515,1,20,536,531,270,553,260,33,549,1
1629312,Haywood Highsmith,Haywood,1610612756,PHX,29.0,6,3,3,0.5,80.32333333333334,10,20,0.5,8,13,0.615,5,6,0.833,6,7,13,7,0,4,0,2,8,4,33,8,71.1,0,0,69.0,514,491,51,301,498,493,501,149,410,449,7,473,480,154,465,508,499,492,551,472,515,85,81,499,487,211,497,260,33,495,1
1630529,Herbert Jones,Herbert,1610612740,NOP,27.0,56,22,34,0.393,1588.3816666666667,183,478,0.383,80,259,0.309,50,62,0.806,47,143,190,155,73,88,27,27,177,65,496,-49,1228.5,0,0,1151.0,229,267,461,389,141,226,185,487,158,122,376,262,276,215,211,227,227,134,167,29,141,402,542,258,234,397,189,260,33,195,1
1642864,Hugo González,Hugo,1610612738,BOS,20.0,73,50,23,0.685,1058.53,113,239,0.473,40,112,0.357,13,26,0.5,62,180,242,39,38,39,21,20,120,52,279,235,769.9,2,0,720.0,48,19,303,84,260,314,316,226,272,281,222,421,382,516,147,167,164,373,307,230,189,340,407,297,326,52,297,151,33,302,1
1630621,Hunter Dickinson,Hunter,1610612740,NOP,25.0,2,0,2,0.0,9.103333333333333,1,3,0.333,0,1,0.0,0,0,0.0,0,1,1,0,3,0,2,0,3,0,2,-20,6.2,0,0,7.0,561,558,31,558,566,554,563,525,504,523,504,548,551,548,552,558,563,566,503,550,455,1,32,561,563,335,568,260,33,563,1
1642282,Hunter Sallis,Hunter,1610612755,PHI,23.0,7,3,4,0.429,25.673333333333332,3,5,0.6,0,0,0.0,1,2,0.5,0,1,1,4,5,0,1,0,2,2,7,-13,12.2,0,0,14.0,506,491,61,367,544,541,552,48,504,537,504,530,517,516,552,558,563,512,483,550,482,1,20,520,544,307,557,260,33,552,1
1641816,Hunter Tyson,Hunter,1610612743,DEN,25.0,21,15,6,0.714,161.9,14,52,0.269,7,33,0.212,11,13,0.846,4,32,36,17,5,2,1,6,13,8,46,-24,118.7,0,0,112.0,435,357,87,71,468,477,459,551,415,401,468,429,435,132,485,432,447,438,483,502,482,173,99,464,471,341,475,260,33,471,1
1630193,Immanuel Quickley,Immanuel,1610612761,TOR,26.0,67,38,29,0.567,2173.8783333333336,394,886,0.445,174,465,0.374,170,207,0.821,36,237,273,402,101,87,5,42,136,185,1132,96,2237.6,8,0,2165.0,112,110,394,217,43,60,50,325,31,29,167,71,77,190,263,97,139,26,109,31,382,501,454,68,54,118,53,65,33,53,1
1642403,Isaac Jones,Isaac,1610612765,DET,25.0,6,4,2,0.667,26.133333333333333,3,6,0.5,0,2,0.0,1,2,0.5,2,3,5,1,0,0,1,0,4,1,7,-19,17.5,0,0,15.0,514,477,31,93,542,541,543,149,504,513,504,530,517,516,511,536,532,551,551,550,482,1,48,536,544,332,549,260,33,550,2
1630171,Isaac Okoro,Isaac,1610612741,CHI,25.0,62,25,37,0.403,1678.59,207,452,0.458,72,218,0.33,87,110,0.791,69,100,169,98,46,45,29,28,161,106,573,-350,1098.8,0,0,1060.0,172,229,493,380,127,201,199,275,178,176,320,167,177,245,124,302,254,232,271,192,131,408,517,163,191,563,219,260,33,219,1
1642268,Isaiah Collier,Isaiah,1610612762,UTA,21.0,59,16,43,0.271,1516.92,255,515,0.495,27,100,0.27,151,209,0.722,21,129,150,423,148,66,20,55,138,153,688,-443,1612.5,10,0,1460.0,211,341,531,468,151,147,160,167,318,294,431,85,76,374,353,246,275,20,42,80,202,546,462,92,154,571,121,55,33,139,1
1642384,Isaiah Crawford,Isaiah,1610612745,HOU,24.0,13,7,6,0.538,76.25,6,18,0.333,2,10,0.2,3,4,0.75,2,8,10,4,3,2,3,2,3,6,17,-1,47.0,0,0,43.0,469,441,87,257,501,518,511,525,462,458,470,494,497,328,511,505,505,512,503,502,432,85,32,482,518,256,511,260,33,513,1
1628392,Isaiah Hartenstein,Isaiah,1610612760,OKC,27.0,45,37,8,0.822,1107.5933333333332,180,290,0.621,0,7,0.0,62,103,0.602,146,285,431,163,81,47,35,17,112,95,422,354,1348.7,11,1,1180.0,316,123,114,20,247,228,280,39,504,472,504,230,192,490,28,64,44,128,150,182,101,304,375,183,259,26,162,50,21,187,1
1630543,Isaiah Jackson,Isaiah,1610612746,LAC,24.0,55,20,35,0.364,908.3116666666666,151,237,0.637,0,3,0.0,68,105,0.648,113,177,290,52,58,36,49,14,147,81,370,-50,993.0,7,0,882.0,238,292,471,401,288,262,317,32,504,503,504,217,186,459,62,169,122,343,227,245,58,280,487,214,275,398,246,68,33,260,2
1630198,Isaiah Joe,Isaiah,1610612760,OKC,26.0,69,54,15,0.783,1466.3633333333332,235,525,0.448,171,412,0.415,105,118,0.89,33,144,177,92,44,50,11,17,118,129,746,315,1235.4,0,0,1308.0,86,6,193,34,157,165,157,320,33,40,65,137,155,71,278,225,245,243,276,161,281,304,398,126,139,36,188,260,33,164,1
1630587,Isaiah Livers,Isaiah,1610612756,PHX,27.0,36,21,15,0.583,347.36,22,64,0.344,12,40,0.3,9,12,0.75,19,42,61,21,12,13,8,7,28,8,65,11,220.7,0,0,201.0,372,278,193,195,412,457,445,520,385,384,397,436,441,328,364,404,400,424,430,394,327,189,155,464,455,207,430,260,33,438,1
1641815,Isaiah Stevens,Isaiah,1610612758,SAC,25.0,3,0,3,0.0,42.78333333333333,3,7,0.429,0,1,0.0,4,4,1.0,2,1,3,10,2,5,0,2,2,2,10,-9,41.6,0,0,33.0,551,558,51,558,529,541,539,374,504,523,504,485,497,1,511,558,548,470,516,460,515,85,20,520,532,292,520,260,33,526,1
1630191,Isaiah Stewart,Isaiah,1610612765,DET,24.0,55,39,16,0.709,1273.3866666666668,209,386,0.541,39,117,0.333,95,125,0.76,92,189,281,66,63,15,90,23,156,116,552,40,1240.2,2,0,1148.0,238,100,206,75,208,197,223,91,276,274,291,154,146,311,80,155,131,305,198,376,15,366,510,144,202,155,185,151,33,197,1
1627826,Ivica Zubac,Ivica,1610612754,IND,29.0,48,17,31,0.354,1446.6983333333333,288,482,0.598,0,0,0.0,101,142,0.711,162,347,509,105,86,18,40,35,112,147,677,-46,1533.3,24,0,1407.0,298,324,425,407,166,125,183,55,504,537,504,145,131,388,22,38,27,214,136,355,83,462,375,101,157,391,134,16,33,148,2
1631120,JD Davison,JD,1610612745,HOU,23.0,27,22,5,0.815,191.96666666666667,22,55,0.4,8,28,0.286,8,13,0.615,2,22,24,28,7,5,4,2,17,12,60,-5,150.8,0,0,138.0,413,267,77,23,460,457,455,457,410,408,419,445,435,481,511,455,471,399,468,460,403,85,112,439,460,274,458,260,33,464,1
1629630,Ja Morant,Ja,1610612763,MEM,26.0,20,7,13,0.35,568.5,132,322,0.41,20,85,0.235,105,117,0.897,8,57,65,161,71,20,6,18,40,84,389,-50,715.5,8,0,687.0,443,441,169,409,361,282,262,436,351,318,457,137,158,58,441,377,393,129,169,336,368,316,190,204,267,398,307,65,33,310,1
1642266,Ja'Kobe Walter,Ja'Kobe,1610612761,TOR,21.0,68,38,30,0.559,1368.6583333333333,167,377,0.443,98,244,0.402,67,84,0.798,54,119,173,79,35,70,13,20,152,77,499,-24,1039.1,0,0,1015.0,100,110,410,226,185,246,228,330,119,139,87,220,231,234,180,264,248,274,318,71,263,340,498,230,232,341,233,260,33,230,1
1631095,Jabari Smith Jr.,Jabari,1610612745,HOU,22.0,74,46,28,0.622,2592.8116666666665,420,930,0.452,169,462,0.366,151,194,0.778,106,406,512,140,101,56,67,51,183,153,1160,250,2252.4,14,0,2227.0,38,38,374,151,5,51,46,305,35,30,194,85,85,276,66,16,26,156,109,120,31,535,549,92,50,48,51,37,33,46,1
1631133,Jabari Walker,Jabari,1610612755,PHI,23.0,62,35,27,0.565,749.8016666666666,94,210,0.448,31,94,0.33,48,64,0.75,70,119,189,33,27,23,13,22,101,53,267,23,624.3,2,0,592.0,172,142,359,219,327,338,333,320,300,303,322,269,273,328,121,264,228,389,356,318,263,358,353,292,333,181,330,151,33,331,1
1631210,Jacob Toppin,Jacob,1610612737,ATL,25.0,5,3,2,0.6,16.866666666666667,4,6,0.667,0,0,0.0,0,0,0.0,0,1,1,1,0,0,1,0,1,1,8,13,13.7,0,0,12.0,526,491,31,174,554,530,543,15,504,537,504,548,551,548,552,558,563,551,551,550,482,1,5,536,542,202,555,260,33,556,1
1630702,Jaden Hardy,Jaden,1610612764,WAS,23.0,56,13,43,0.232,881.78,180,423,0.426,102,258,0.395,55,73,0.753,15,70,85,55,62,16,6,19,84,58,517,-75,705.5,0,0,803.0,229,379,531,499,292,228,215,379,111,123,101,246,252,325,392,351,367,334,204,365,368,329,316,272,217,433,310,260,33,281,2
1631093,Jaden Ivey,Jaden,1610612741,CHI,24.0,37,23,14,0.622,670.255,114,256,0.445,50,134,0.373,38,47,0.809,24,67,91,68,41,23,14,19,53,40,316,26,597.2,0,0,599.0,366,253,182,151,342,312,300,324,239,251,170,304,321,214,333,354,356,299,289,318,249,329,223,329,306,177,335,260,33,326,2
1630183,Jaden McDaniels,Jaden,1610612750,MIN,25.0,71,43,28,0.606,2262.1133333333332,401,774,0.518,102,242,0.421,146,174,0.839,74,227,301,195,129,80,69,39,240,151,1050,134,2021.7,0,0,1946.0,68,57,374,170,32,56,73,117,111,140,54,90,97,146,113,110,116,100,56,49,24,487,575,95,69,92,73,260,33,71,1
1630256,Jae'Sean Tate,Jae'Sean,1610612745,HOU,30.0,43,31,12,0.721,364.12666666666667,48,97,0.495,9,30,0.3,7,10,0.7,28,33,61,20,12,9,3,5,44,16,112,-56,239.2,0,0,226.0,326,174,159,65,405,401,412,168,403,405,397,454,452,405,305,429,400,425,430,426,432,152,202,415,419,408,423,260,33,424,1
1642942,Jahmai Mashack,Jahmai,1610612763,MEM,23.0,28,10,18,0.357,553.9683333333334,63,158,0.399,16,60,0.267,17,30,0.567,22,40,62,37,35,35,12,7,55,25,159,-102,394.9,0,0,368.0,408,407,233,404,363,381,367,461,366,353,433,391,369,499,346,412,398,379,318,249,271,189,230,381,385,463,381,260,33,383,1
1642443,Jahmir Young,Jahmir,1610612748,MIA,25.0,11,8,3,0.727,50.895,8,22,0.364,2,8,0.25,2,2,1.0,2,2,4,6,3,1,0,4,6,3,20,-18,33.8,0,0,34.0,480,433,51,58,525,507,498,510,462,466,442,504,517,1,511,547,542,498,503,526,515,139,63,506,512,327,527,260,33,523,1
1643141,Jahmyl Telfort,Jahmyl,1610612746,LAC,24.0,8,2,6,0.25,32.03333333333333,0,4,0.0,0,4,0.0,1,4,0.25,0,3,3,1,1,1,0,0,5,2,1,-7,8.1,0,0,7.0,503,512,87,480,539,569,557,569,504,494,504,530,497,546,552,536,548,551,532,526,515,1,56,520,571,281,563,260,33,563,1
1631170,Jaime Jaquez Jr.,Jaime,1610612748,MIA,25.0,71,39,32,0.549,2008.9266666666667,432,863,0.501,51,167,0.305,165,214,0.771,92,270,362,332,143,51,21,69,132,159,1080,147,2085.4,6,0,1969.0,68,100,437,242,64,47,53,148,234,215,388,75,73,292,80,74,73,39,45,154,189,566,445,88,64,89,65,83,33,70,1
1631222,Jake LaRavia,Jake,1610612747,LAL,24.0,78,50,28,0.641,1955.5366666666666,231,505,0.457,74,233,0.318,116,150,0.773,112,193,305,136,81,95,35,26,187,118,652,-37,1531.0,1,0,1427.0,3,19,374,129,73,169,168,281,169,151,359,126,119,287,63,150,112,161,150,24,101,393,555,138,163,367,135,188,33,144,1
1627751,Jakob Poeltl,Jakob,1610612761,TOR,30.0,42,23,19,0.548,1067.2666666666667,199,285,0.698,0,0,0.0,57,90,0.633,109,198,307,86,50,35,29,12,135,83,455,38,1094.4,7,0,976.0,331,253,243,246,257,207,283,11,504,537,504,241,221,474,65,147,111,257,261,249,131,257,452,209,245,160,220,68,33,238,1
1628973,Jalen Brunson,Jalen,1610612752,NYK,29.0,71,47,24,0.662,2482.3566666666666,656,1412,0.465,188,508,0.37,343,407,0.843,31,209,240,478,168,53,8,49,165,367,1843,334,2863.0,10,0,2871.0,68,36,319,106,13,7,4,254,24,19,179,17,18,138,293,129,168,10,29,142,327,531,522,9,8,31,18,55,33,14,1
1631105,Jalen Duren,Jalen,1610612765,DET,22.0,67,48,19,0.716,1894.8366666666666,499,774,0.645,0,0,0.0,308,412,0.748,255,455,710,127,123,56,58,80,186,287,1306,471,2567.5,41,0,2371.0,112,32,243,69,83,27,73,27,504,537,504,25,16,340,4,10,6,171,70,120,42,572,554,26,35,12,29,4,33,35,1
1630224,Jalen Green,Jalen,1610612756,PHX,24.0,30,16,14,0.533,792.975,211,496,0.425,71,222,0.32,60,80,0.75,16,96,112,90,69,34,4,35,39,76,553,39,867.4,0,0,902.0,400,341,182,268,318,195,175,381,180,166,354,234,238,328,381,309,330,245,177,257,403,462,187,234,200,157,273,260,33,252,1
1630552,Jalen Johnson,Jalen,1610612737,ATL,24.0,69,41,28,0.594,2431.9483333333333,582,1181,0.493,115,328,0.351,291,371,0.784,96,613,709,553,232,87,31,80,141,259,1570,169,3372.3,47,13,3183.0,86,77,374,184,18,12,13,171,88,78,244,27,29,260,76,3,7,3,7,31,123,572,472,33,16,82,3,3,2,4,1
1629618,Jalen Pickett,Jalen,1610612743,DEN,26.0,47,31,16,0.66,741.08,87,205,0.424,44,114,0.386,13,15,0.867,18,89,107,104,30,13,4,9,41,16,231,-23,536.4,0,0,520.0,307,174,206,108,330,348,338,385,258,278,127,421,429,106,372,319,336,216,338,394,403,212,192,415,350,339,345,260,33,347,1
1641771,Jalen Slawson,Jalen,1610612754,IND,26.0,9,2,7,0.222,205.12333333333333,22,54,0.407,13,31,0.419,8,9,0.889,5,36,41,24,10,13,11,6,20,10,65,-3,212.2,0,0,191.0,492,512,103,507,451,457,456,440,378,404,58,445,456,72,473,423,438,410,447,394,281,173,127,454,455,266,437,260,33,441,1
1630188,Jalen Smith,Jalen,1610612741,CHI,26.0,53,26,27,0.491,1095.3883333333333,195,404,0.483,82,220,0.373,69,93,0.742,98,257,355,65,53,24,42,19,111,97,541,86,1209.5,9,0,1175.0,258,221,359,324,251,211,218,195,152,169,171,214,213,351,73,82,77,308,249,314,75,329,374,178,207,127,194,61,33,189,1
1630591,Jalen Suggs,Jalen,1610612753,ORL,24.0,53,31,22,0.585,1456.4033333333334,262,606,0.432,106,328,0.323,98,115,0.852,35,172,207,289,143,99,38,23,140,123,728,119,1677.9,3,1,1604.0,258,174,287,193,162,144,124,366,103,78,342,147,163,124,268,176,202,51,45,19,92,366,469,133,143,101,106,124,21,113,1
1631114,Jalen Williams,Jalen,1610612760,OKC,24.0,32,24,8,0.75,903.6133333333333,209,434,0.482,23,76,0.303,104,125,0.832,26,121,147,175,60,37,9,22,62,100,545,216,1061.9,1,0,982.0,394,241,114,46,289,197,208,200,336,331,394,140,146,160,318,261,281,117,213,241,307,358,247,172,206,59,226,188,33,235,1
1630592,Jalen Wilson,Jalen,1610612751,BKN,25.0,50,9,41,0.18,741.9883333333333,96,242,0.397,51,142,0.359,60,81,0.741,13,80,93,36,30,19,2,14,72,65,303,-151,501.6,0,0,525.0,284,418,518,535,328,332,315,468,234,244,215,234,234,353,406,334,354,381,338,349,455,280,282,258,312,499,355,260,33,344,1
1631288,Jamal Cain,Jamal,1610612753,ORL,27.0,36,19,17,0.528,418.0566666666667,61,131,0.466,24,64,0.375,36,40,0.9,22,42,64,25,17,11,2,6,49,33,182,40,318.3,0,0,321.0,372,306,219,278,389,383,389,248,331,347,162,314,339,50,346,404,395,407,406,407,455,173,213,357,374,155,399,260,33,395,1
1627750,Jamal Murray,Jamal,1610612743,DEN,29.0,73,46,27,0.63,2578.8083333333334,642,1328,0.483,237,546,0.434,338,382,0.885,32,290,322,523,167,66,27,57,127,291,1859,404,3141.9,18,0,3127.0,48,38,359,143,8,8,6,193,4,14,40,19,22,78,287,61,102,6,30,80,141,553,431,24,7,17,8,26,33,8,1
1642347,Jamal Shead,Jamal,1610612761,TOR,23.0,78,43,35,0.551,1759.585,176,481,0.366,80,251,0.319,91,116,0.784,26,114,140,424,105,75,14,32,155,162,523,195,1489.0,2,0,1345.0,3,57,471,237,116,236,184,508,158,131,358,160,160,259,318,274,293,19,96,59,249,442,506,86,215,70,145,151,33,157,1
1631123,Jamaree Bouyea,Jamaree,1610612756,PHX,26.0,42,21,21,0.5,572.5583333333333,95,204,0.466,20,67,0.299,22,31,0.71,17,58,75,68,22,28,14,16,36,37,232,26,528.0,0,0,479.0,331,278,268,301,358,334,340,247,351,340,404,367,364,393,374,374,379,299,385,291,249,297,180,343,349,177,346,260,33,357,1
201935,James Harden,James,1610612739,CLE,36.0,68,39,29,0.574,2379.6283333333336,475,1087,0.437,209,557,0.375,452,513,0.881,39,292,331,548,238,77,28,77,134,316,1611,132,2907.2,20,2,2909.0,100,100,394,211,22,38,23,350,14,11,161,4,6,81,245,60,96,4,3,57,137,571,449,18,13,93,16,21,14,12,2
1630164,James Wiseman,James,1610612754,IND,25.0,4,0,4,0.0,58.461666666666666,6,10,0.6,0,0,0.0,1,2,0.5,5,3,8,3,5,0,1,1,10,2,13,-9,25.1,0,0,26.0,539,558,61,558,520,518,531,48,504,537,504,530,517,516,473,536,516,528,483,550,482,54,89,520,525,292,537,260,33,535,1
1642364,Jamir Watkins,Jamir,1610612764,WAS,24.0,46,10,36,0.217,916.76,116,252,0.46,39,131,0.298,44,65,0.677,45,127,172,59,34,49,24,14,123,62,315,-123,794.9,0,0,731.0,312,407,482,512,286,307,303,269,276,254,405,284,268,432,220,251,250,320,323,167,162,280,415,263,307,480,288,260,33,300,1
1642419,Jamison Battle,Jamison,1610612761,TOR,24.0,57,32,25,0.561,499.345,70,138,0.507,35,83,0.422,8,12,0.667,19,69,88,22,19,7,3,4,42,12,183,104,332.6,0,0,348.0,221,169,334,223,372,369,385,135,291,323,53,445,441,436,364,352,362,419,397,442,432,139,196,439,373,113,394,260,33,386,1
1641716,Jarace Walker,Jarace,1610612754,IND,22.0,73,15,58,0.205,1866.4283333333333,292,693,0.421,127,338,0.376,131,174,0.753,46,326,372,177,130,58,24,29,121,118,842,-449,1669.9,3,0,1682.0,48,357,576,517,88,119,94,401,69,74,159,104,97,327,215,43,70,115,54,106,162,420,409,138,108,572,109,124,33,99,1
1642272,Jared McCain,Jared,1610612760,OKC,22.0,63,44,19,0.698,1089.7833333333333,187,445,0.42,93,240,0.388,48,55,0.873,22,108,130,85,51,34,5,26,77,53,515,155,864.5,0,0,901.0,166,50,243,80,252,222,203,405,130,141,125,269,299,94,346,282,307,262,257,257,382,393,298,292,219,87,274,260,33,253,2
1628991,Jaren Jackson Jr.,Jaren,1610612762,UTA,26.0,48,19,29,0.396,1454.6483333333333,342,719,0.476,84,235,0.357,163,203,0.803,42,230,272,94,107,53,69,54,179,190,931,-63,1657.4,3,0,1625.0,298,306,394,388,163,86,87,217,146,148,221,76,80,223,233,106,142,236,91,142,24,544,545,62,88,419,111,124,33,107,2
1629020,Jarred Vanderbilt,Jarred,1610612747,LAL,27.0,61,36,25,0.59,1062.4533333333334,106,225,0.471,28,92,0.304,33,53,0.623,77,196,273,75,50,51,18,23,100,52,273,-16,870.1,1,0,787.0,189,129,334,187,259,321,326,237,313,307,390,326,304,478,105,149,139,285,261,154,218,366,350,297,331,319,272,188,33,286,1
1628386,Jarrett Allen,Jarrett,1610612739,CLE,27.0,54,35,19,0.648,1465.2033333333334,328,512,0.641,1,10,0.1,174,245,0.71,140,319,459,99,70,52,45,34,95,212,831,199,1751.3,20,0,1584.0,248,142,243,122,158,97,164,28,478,458,501,68,53,392,35,46,38,230,173,148,68,455,341,52,114,67,96,21,33,119,1
1642859,Jase Richardson,Jase,1610612753,ORL,20.0,51,23,28,0.451,570.8983333333333,84,181,0.464,28,78,0.359,32,44,0.727,21,41,62,58,25,16,2,5,52,48,228,-1,418.4,0,0,412.0,276,253,374,353,360,350,355,256,313,329,216,330,326,367,353,410,398,325,369,365,455,152,220,310,351,256,374,260,33,371,1
1642914,Javon Small,Javon,1610612763,MEM,23.0,40,13,27,0.325,804.0916666666667,127,269,0.472,58,132,0.439,66,80,0.825,35,90,125,150,54,32,9,28,65,58,378,-84,822.0,0,0,793.0,350,379,359,427,311,291,293,230,211,253,36,222,238,180,268,315,314,144,247,266,307,408,255,272,272,444,280,260,33,283,1
1631451,Javonte Cooke,Javonte,1610612757,POR,26.0,19,6,13,0.316,93.665,9,41,0.22,3,23,0.13,2,2,1.0,4,15,19,7,9,6,0,5,6,4,23,-59,65.3,0,0,64.0,450,455,169,437,495,500,473,558,445,417,494,504,517,1,485,477,489,492,453,452,515,152,63,499,504,412,503,260,33,499,1
1629750,Javonte Green,Javonte,1610612765,DET,32.0,78,57,21,0.731,1375.985,174,393,0.443,87,233,0.373,97,116,0.836,58,156,214,53,44,96,22,18,105,95,532,185,1178.3,1,0,1122.0,3,4,268,57,182,239,221,331,140,151,168,150,160,151,163,202,197,341,276,22,178,316,364,183,211,77,202,188,33,201,1
1629637,Jaxson Hayes,Jaxson,1610612747,LAL,25.0,66,43,23,0.652,1206.5783333333334,198,262,0.756,3,3,1.0,98,150,0.653,99,172,271,59,31,29,52,10,127,139,497,71,1122.7,1,0,992.0,129,57,303,118,224,208,297,6,445,503,1,147,119,451,72,176,144,320,333,283,50,227,431,112,233,139,215,188,33,233,1
1630643,Jay Huff,Jay,1610612754,IND,28.0,78,18,60,0.231,1620.51,273,579,0.472,113,357,0.317,77,94,0.819,69,231,300,110,69,40,140,19,182,96,736,-239,1732.0,1,0,1619.0,3,315,577,501,136,136,133,233,92,66,364,193,210,195,124,105,117,204,177,221,2,329,547,181,141,534,97,188,33,108,1
1627759,Jaylen Brown,Jaylen,1610612738,BOS,29.0,69,45,24,0.652,2370.905,715,1501,0.476,135,391,0.345,415,522,0.795,81,399,480,360,247,70,26,90,185,435,1980,288,3137.0,14,3,3147.0,86,45,319,116,23,1,1,216,57,48,259,7,5,239,98,20,32,34,2,71,150,578,552,2,3,42,9,37,8,6,1
1641740,Jaylen Clark,Jaylen,1610612750,MIN,24.0,64,37,27,0.578,794.5116666666667,89,203,0.438,29,87,0.333,44,67,0.657,52,61,113,36,21,40,8,12,79,48,251,77,563.6,0,0,525.0,151,123,359,203,316,345,341,345,311,316,291,284,262,450,187,365,328,381,390,221,327,257,303,310,338,133,341,260,33,344,1
1642377,Jaylen Wells,Jaylen,1610612763,MEM,22.0,69,24,45,0.348,1820.6416666666667,301,698,0.431,129,365,0.353,134,171,0.784,61,159,220,111,74,61,9,34,148,182,865,-179,1431.5,0,0,1465.0,86,241,541,411,98,113,92,369,64,61,236,101,103,263,152,196,190,201,163,93,307,455,491,71,103,510,152,260,33,138,1
1631119,Jaylin Williams,Jaylin,1610612760,OKC,23.0,63,52,11,0.825,1249.825,147,348,0.422,97,253,0.383,73,92,0.793,32,317,349,154,67,31,42,11,126,99,464,290,1265.8,6,0,1210.0,166,12,151,19,214,266,249,395,121,130,141,208,214,240,287,49,83,136,185,270,75,241,425,173,240,39,180,83,33,181,1
1642281,Jaylon Tyson,Jaylon,1610612739,CLE,23.0,64,40,24,0.625,1727.2666666666667,317,639,0.496,130,286,0.455,75,101,0.743,116,212,328,141,94,50,26,39,161,94,839,123,1578.1,7,0,1590.0,151,87,319,147,121,105,111,164,63,104,28,200,198,350,59,126,98,154,120,161,150,487,517,185,110,99,125,68,33,117,1
1643257,Jayson Kent,Jayson,1610612757,POR,24.0,3,2,1,0.667,19.416666666666668,4,6,0.667,1,3,0.333,1,1,1.0,0,4,4,0,0,1,1,0,1,1,10,2,20.8,0,0,19.0,551,512,9,93,551,530,543,15,478,503,291,530,544,1,552,526,542,566,551,526,482,1,5,536,532,240,546,260,33,542,1
1628369,Jayson Tatum,Jayson,1610612738,BOS,28.0,14,12,2,0.857,443.17833333333334,103,250,0.412,42,126,0.333,53,64,0.828,7,135,142,73,31,20,2,7,22,43,301,122,615.9,9,1,602.0,464,389,31,10,382,326,307,430,263,262,291,253,273,168,456,238,290,290,333,336,455,189,135,322,313,100,331,61,21,325,1
201145,Jeff Green,Jeff,1610612745,HOU,39.0,29,21,8,0.724,150.63333333333333,23,60,0.383,12,40,0.3,3,3,1.0,5,15,20,7,1,1,1,1,10,3,61,-33,100.5,0,0,104.0,405,278,114,61,471,454,451,486,385,384,397,494,508,1,473,477,485,492,532,526,482,54,89,506,459,358,480,260,33,476,1
203924,Jerami Grant,Jerami,1610612757,POR,32.0,57,27,30,0.474,1695.1016666666667,331,730,0.453,136,350,0.389,262,322,0.814,55,143,198,122,119,42,36,56,142,223,1060,-6,1595.6,0,0,1672.0,221,213,410,333,124,95,85,297,56,70,120,35,35,206,174,227,214,181,77,207,97,550,476,43,66,279,123,260,33,101,1
1642847,Jeremiah Fears,Jeremiah,1610612740,NOP,19.0,79,25,54,0.316,1988.72,395,920,0.429,97,284,0.342,170,216,0.787,54,228,282,262,173,89,29,83,142,188,1057,-285,1969.4,2,0,1934.0,1,229,571,436,67,59,47,373,121,107,270,71,70,253,180,107,130,66,25,27,131,576,476,65,67,550,81,151,33,73,1
1630526,Jeremiah Robinson-Earl,Jeremiah,1610612742,DAL,25.0,22,8,14,0.364,360.615,37,100,0.37,10,41,0.244,17,18,0.944,36,67,103,15,12,9,1,12,26,18,101,-86,265.1,0,0,249.0,429,433,182,401,407,424,406,505,396,381,453,391,418,39,263,354,341,449,430,426,482,257,148,407,424,448,411,260,33,410,2
1631110,Jeremy Sochan,Jeremy,1610612752,NYK,22.0,42,29,13,0.69,442.7083333333333,60,120,0.5,9,39,0.231,17,24,0.708,33,67,100,35,21,16,7,9,57,27,146,-45,366.5,0,0,336.0,331,195,169,82,383,384,393,149,403,387,460,391,392,395,278,354,346,384,390,365,347,212,237,374,395,387,388,260,33,392,2
1630579,Jericho Sims,Jericho,1610612749,MIL,27.0,63,24,39,0.381,1181.09,125,157,0.796,0,0,0.0,35,57,0.614,128,206,334,82,68,14,14,13,132,68,285,-233,824.8,4,0,757.0,166,241,509,394,231,296,369,4,504,537,504,319,292,483,46,132,93,269,180,386,249,269,445,249,324,533,278,106,33,294,1
1641724,Jett Howard,Jett,1610612753,ORL,22.0,55,28,27,0.509,695.32,105,251,0.418,54,145,0.372,37,39,0.949,23,64,87,45,15,10,11,19,66,26,301,-70,520.9,0,0,529.0,238,204,359,293,339,323,305,414,226,238,173,311,343,38,339,361,364,364,417,413,281,329,262,376,313,426,349,260,33,342,1
1628975,Jevon Carter,Jevon,1610612753,ORL,30.0,49,23,26,0.469,796.7916666666666,115,292,0.394,73,206,0.354,15,19,0.789,13,69,82,80,33,35,9,7,54,15,318,-83,635.4,0,0,641.0,291,253,345,338,315,310,278,476,173,185,231,403,415,248,406,352,372,273,327,249,307,189,225,423,305,442,328,260,33,316,2
202710,Jimmy Butler III,Jimmy,1610612744,GSW,36.0,38,23,15,0.605,1181.6766666666667,240,462,0.519,32,85,0.376,248,287,0.864,88,123,211,185,60,55,8,29,46,210,760,185,1419.7,3,0,1314.0,361,253,193,171,230,160,192,113,298,318,157,39,45,109,87,256,200,108,213,126,327,420,209,55,133,77,155,124,33,162,1
1642866,Joan Beringer,Joan,1610612750,MIN,19.0,36,19,17,0.528,231.285,46,70,0.657,0,0,0.0,15,23,0.652,33,33,66,8,8,5,15,7,37,21,107,37,250.2,0,0,221.0,372,306,219,278,442,404,440,22,504,537,504,403,394,452,278,429,392,486,459,460,244,189,182,394,422,165,419,260,33,427,1
1629111,Jock Landale,Jock,1610612737,ATL,30.0,68,36,32,0.529,1506.0766666666666,282,548,0.515,74,193,0.383,80,126,0.635,183,204,387,115,60,35,36,32,150,138,718,-55,1507.9,9,0,1436.0,100,129,437,275,152,131,150,122,169,194,140,184,145,472,11,135,63,193,213,249,97,442,496,114,149,405,140,61,33,141,2
204060,Joe Ingles,Joe,1610612750,MIN,38.0,25,12,13,0.48,101.98,7,13,0.538,3,8,0.375,2,2,1.0,0,9,9,20,9,7,1,0,6,3,19,0,74.8,0,0,67.0,424,389,169,330,491,514,522,94,445,466,162,504,517,1,552,496,510,425,453,442,482,1,63,506,514,251,493,260,33,498,1
203954,Joel Embiid,Joel,1610612755,PHI,32.0,37,24,13,0.649,1161.4866666666667,333,678,0.491,51,153,0.333,270,316,0.854,70,211,281,149,105,21,42,38,79,220,987,162,1631.7,9,1,1594.0,366,241,169,121,233,90,98,174,234,226,291,32,37,123,121,127,131,146,96,329,75,478,303,44,79,84,117,61,21,115,1
1628381,John Collins,John,1610612746,LAC,28.0,65,30,35,0.462,1782.1016666666667,346,622,0.556,87,208,0.418,114,145,0.786,101,239,340,66,86,57,48,42,178,143,893,2,1629.0,3,0,1596.0,143,187,471,344,110,84,118,78,140,182,60,127,129,256,70,96,89,305,136,114,61,501,544,107,93,240,118,124,33,114,1
1629723,John Konchar,John,1610612762,UTA,30.0,53,17,36,0.321,1013.6433333333333,84,179,0.469,25,91,0.275,28,40,0.7,65,147,212,96,30,73,33,7,72,39,221,-170,907.4,1,0,766.0,258,324,482,431,268,350,357,245,328,308,427,345,339,405,136,219,198,235,338,63,110,189,282,334,357,507,262,188,33,291,2
1642967,John Poulakidas,John,1610612742,DAL,23.0,9,2,7,0.222,139.93833333333333,17,44,0.386,13,38,0.342,2,2,1.0,4,16,20,6,3,4,0,0,19,1,49,-14,91.0,0,0,96.0,492,512,103,507,474,470,468,482,378,391,267,504,517,1,485,473,485,498,503,472,515,1,120,536,466,311,483,260,33,481,1
1642910,John Tonje,John,1610612738,BOS,24.0,5,4,1,0.8,12.305,0,2,0.0,0,2,0.0,2,2,1.0,0,2,2,1,0,1,0,0,1,2,2,-7,8.9,0,0,7.0,526,477,9,25,563,569,569,569,504,513,504,504,517,1,552,547,555,551,551,526,515,1,5,520,563,281,561,260,33,563,1
1641780,Johni Broome,Johni,1610612755,PHI,23.0,11,5,6,0.455,54.76166666666666,4,24,0.167,0,5,0.0,2,6,0.333,7,9,16,4,3,3,2,3,7,7,10,-18,47.2,0,0,40.0,480,466,87,351,522,530,497,565,504,483,504,504,480,544,456,496,495,512,503,486,455,119,77,472,532,327,510,260,33,515,1
1642277,Johnny Furphy,Johnny,1610612754,IND,21.0,35,10,25,0.286,643.0533333333333,70,149,0.47,23,71,0.324,17,35,0.486,32,121,153,41,29,20,7,17,65,28,180,-58,477.1,1,0,451.0,379,407,334,449,344,369,376,241,336,335,340,391,358,536,287,261,270,369,346,336,347,304,255,372,375,409,364,188,33,363,1
1630548,Johnny Juzang,Johnny,1610612750,MIN,25.0,21,13,8,0.619,87.69833333333334,16,38,0.421,6,24,0.25,5,8,0.625,5,12,17,6,5,2,1,0,3,5,43,-5,76.4,0,0,78.0,435,379,114,156,496,471,475,402,423,415,442,473,465,475,473,491,492,498,483,502,482,1,32,491,474,274,492,260,33,487,1
202685,Jonas Valančiūnas,Jonas,1610612743,DEN,33.0,61,38,23,0.623,797.3816666666667,198,347,0.571,6,20,0.3,98,127,0.772,91,203,294,69,66,14,32,29,124,134,500,-72,1028.3,3,0,961.0,189,110,303,150,314,208,250,72,423,424,397,147,144,290,83,138,120,296,188,386,116,420,419,118,231,430,238,124,33,240,1
1628371,Jonathan Isaac,Jonathan,1610612753,ORL,28.0,52,29,23,0.558,520.8933333333333,46,109,0.422,7,38,0.184,35,58,0.603,43,89,132,22,18,20,31,3,41,53,134,-35,460.4,0,0,397.0,266,195,303,229,369,404,401,397,415,391,482,319,289,489,228,319,304,419,403,336,123,119,192,292,403,365,366,260,33,376,1
1630228,Jonathan Kuminga,Jonathan,1610612737,ATL,23.0,33,21,12,0.636,754.46,140,301,0.465,33,88,0.375,81,112,0.723,46,140,186,77,65,19,11,23,51,87,394,53,757.7,1,0,750.0,388,278,159,136,326,271,270,251,296,313,162,182,173,371,215,232,234,280,192,349,281,366,219,195,265,147,301,188,33,295,2
1642367,Jonathan Mogbo,Jonathan,1610612761,TOR,24.0,36,17,19,0.472,220.64666666666668,23,41,0.561,0,1,0.0,7,12,0.583,19,42,61,22,11,10,8,3,22,10,53,-44,202.2,0,0,172.0,372,324,243,336,446,454,473,75,504,523,504,454,441,494,364,404,400,419,439,413,327,119,135,454,463,385,442,260,33,450,1
203903,Jordan Clarkson,Jordan,1610612752,NYK,33.0,68,42,26,0.618,1222.5783333333334,227,504,0.45,70,210,0.333,75,91,0.824,60,60,120,90,59,28,9,26,115,76,599,108,930.0,0,0,953.0,100,69,345,158,220,174,170,310,186,181,291,200,216,183,156,366,321,245,219,291,307,393,388,234,181,110,258,260,33,242,1
1630692,Jordan Goodwin,Jordan,1610612756,PHX,27.0,68,38,30,0.559,1533.6683333333333,222,541,0.41,106,292,0.363,39,56,0.696,134,200,334,148,67,103,14,31,131,66,589,86,1495.8,2,0,1411.0,100,110,410,226,146,179,154,434,103,99,204,299,295,414,39,143,93,147,185,13,249,437,442,254,182,127,144,151,33,145,1
1641722,Jordan Hawkins,Jordan,1610612740,NOP,23.0,48,12,36,0.25,612.9033333333333,71,208,0.341,41,122,0.336,17,21,0.81,16,56,72,32,29,9,8,7,26,23,200,-121,356.4,0,0,379.0,298,389,482,480,349,366,335,521,270,268,285,391,403,212,381,379,384,393,346,426,327,189,148,387,366,477,389,260,33,381,1
1629162,Jordan McLaughlin,Jordan,1610612759,SAS,29.0,41,35,6,0.854,265.6166666666667,31,75,0.413,16,39,0.41,4,5,0.8,5,22,27,37,15,19,2,2,11,7,82,-73,217.9,0,0,204.0,344,142,87,11,434,439,434,427,366,387,72,485,492,226,473,455,462,379,417,349,455,85,94,472,443,432,432,260,33,436,1
1641757,Jordan Miller,Jordan,1610612746,LAC,26.0,56,34,22,0.607,1217.3983333333333,196,372,0.527,34,100,0.34,123,161,0.764,50,118,168,123,59,44,10,43,54,107,549,4,1038.1,1,0,982.0,229,157,287,168,222,210,232,105,293,294,274,115,109,305,194,266,255,178,219,197,293,507,225,158,204,232,234,188,33,235,1
1629673,Jordan Poole,Jordan,1610612740,NOP,26.0,37,15,22,0.405,872.57,150,411,0.365,87,267,0.326,92,105,0.876,8,64,72,112,62,20,14,25,85,105,479,-122,773.4,0,0,818.0,366,357,287,377,297,263,217,509,140,117,335,157,186,87,441,361,384,199,204,336,249,383,318,164,237,479,296,260,33,277,1
1641775,Jordan Walsh,Jordan,1610612738,BOS,22.0,64,43,21,0.672,1121.2,126,246,0.512,43,112,0.384,40,53,0.755,82,172,254,48,33,46,29,17,127,52,335,104,903.8,2,0,830.0,151,57,268,90,245,293,312,129,260,281,136,296,304,324,96,176,159,355,327,187,131,304,431,297,295,113,264,151,33,272,1
1630631,Jose Alvarado,Jose,1610612752,NYK,27.0,67,27,40,0.403,1318.2866666666666,177,427,0.415,96,275,0.349,32,40,0.8,24,137,161,225,75,64,7,24,126,55,482,29,1150.7,1,0,1106.0,112,213,510,381,200,235,212,424,123,114,248,330,339,226,333,236,264,81,161,87,347,377,425,283,235,173,208,188,33,209,2
1630581,Josh Giddey,Josh,1610612741,CHI,23.0,54,21,33,0.389,1731.3566666666666,321,717,0.448,103,283,0.364,174,228,0.763,67,381,448,494,196,55,27,44,90,157,919,-187,2247.6,28,13,2128.0,248,278,446,391,120,102,88,319,110,108,200,68,63,307,130,28,40,7,16,126,141,511,332,89,89,512,52,13,2,56,1
1630182,Josh Green,Josh,1610612766,CHA,25.0,55,36,19,0.655,879.7583333333333,81,177,0.458,56,134,0.418,25,28,0.893,44,54,98,47,35,35,5,5,64,43,243,209,516.1,0,0,524.0,238,129,243,114,295,354,358,277,217,251,62,356,376,63,223,384,350,357,318,249,382,152,254,322,342,62,350,260,33,346,1
1628404,Josh Hart,Josh,1610612752,NYK,31.0,63,41,22,0.651,1898.5583333333334,290,572,0.507,95,232,0.409,86,119,0.723,91,385,476,309,121,72,17,37,158,130,761,196,1941.7,13,2,1819.0,166,77,287,119,82,121,138,137,126,154,75,171,154,373,83,26,34,45,73,67,229,471,512,123,131,68,82,40,14,81,1
1631169,Josh Minott,Josh,1610612751,BKN,23.0,49,23,26,0.469,833.7316666666667,126,252,0.5,64,153,0.418,48,61,0.787,48,110,158,46,43,44,24,13,73,54,364,-25,783.6,1,0,768.0,291,253,345,338,305,293,303,149,194,226,59,269,280,254,205,280,267,361,279,197,162,269,284,287,280,346,294,188,33,290,2
1629006,Josh Okogie,Josh,1610612745,HOU,27.0,74,46,28,0.622,1271.6533333333334,120,274,0.438,60,151,0.397,38,65,0.585,71,110,181,61,39,61,13,20,102,79,338,48,829.7,1,0,788.0,38,38,374,151,209,302,289,347,206,230,94,304,268,493,116,280,240,317,302,93,263,340,357,221,294,152,277,188,33,285,1
201950,Jrue Holiday,Jrue,1610612757,POR,35.0,49,26,23,0.531,1425.7683333333334,297,649,0.458,129,332,0.389,78,94,0.83,63,156,219,298,136,53,5,34,70,78,801,189,1548.8,7,0,1563.0,291,221,303,272,173,116,105,277,64,77,121,192,210,165,144,202,191,48,50,142,382,455,276,226,122,74,131,68,33,124,1
1630577,Julian Champagnie,Julian,1610612759,SAS,24.0,78,59,19,0.756,2160.3633333333332,289,662,0.437,192,498,0.386,111,132,0.841,69,380,449,120,68,61,33,11,126,77,881,576,1813.8,7,0,1830.0,3,1,243,43,47,123,101,352,23,24,131,130,140,141,124,29,39,185,180,93,110,241,425,230,99,4,86,68,33,80,1
1641763,Julian Phillips,Julian,1610612750,MIN,22.0,45,17,28,0.378,373.675,43,100,0.43,17,54,0.315,15,17,0.882,22,24,46,9,8,21,7,7,34,17,118,-14,262.7,0,0,246.0,316,324,374,396,402,410,406,372,363,362,367,403,424,80,346,449,430,480,459,329,347,189,178,409,412,311,413,260,33,412,2
1642882,Julian Reese,Julian,1610612764,WAS,22.0,9,1,8,0.111,271.35,40,73,0.548,0,0,0.0,17,29,0.586,38,64,102,16,23,10,3,19,32,31,97,-66,259.4,3,0,241.0,492,539,114,553,431,418,437,84,504,537,504,391,372,492,250,361,343,444,380,413,432,329,167,361,427,424,414,124,33,418,1
1631124,Julian Strawther,Julian,1610612743,DEN,23.0,53,34,19,0.642,759.305,124,272,0.456,47,130,0.362,50,62,0.806,12,90,102,54,32,21,4,19,65,56,345,20,591.4,0,0,598.0,258,157,243,128,324,297,292,286,248,256,209,262,276,215,414,315,343,338,330,329,403,329,255,279,288,186,336,260,33,328,1
203944,Julius Randle,Julius,1610612750,MIN,31.0,78,46,32,0.59,2582.48,575,1194,0.482,106,339,0.313,392,490,0.8,131,399,530,394,216,86,18,59,223,344,1648,213,2971.0,15,3,2886.0,3,38,437,188,7,14,12,199,103,73,369,8,8,226,43,20,23,28,9,33,218,555,570,13,12,60,14,34,8,13,1
1630551,Justin Champagnie,Justin,1610612764,WAS,24.0,66,13,53,0.197,1298.6866666666667,220,428,0.514,48,147,0.327,80,102,0.784,139,223,362,77,41,55,41,45,106,81,568,-284,1364.9,4,0,1247.0,129,379,569,528,203,184,211,123,246,233,332,184,195,261,36,115,73,280,289,126,79,515,368,214,194,549,160,106,33,175,1
1642348,Justin Edwards,Justin,1610612755,PHI,22.0,60,35,25,0.583,919.6933333333334,133,296,0.449,62,169,0.367,33,39,0.846,24,66,90,77,34,49,11,17,89,33,361,-104,730.5,0,0,710.0,199,142,334,195,285,280,275,314,199,212,191,326,343,132,333,358,358,280,323,167,281,304,327,357,281,464,303,260,33,305,1
203994,Jusuf Nurkić,Jusuf,1610612762,UTA,31.0,41,14,27,0.341,1083.0683333333334,180,358,0.503,25,71,0.352,62,113,0.549,106,319,425,196,101,52,22,30,134,115,447,-187,1372.0,16,3,1241.0,344,368,359,416,254,228,239,146,328,335,240,230,167,509,66,46,47,97,109,148,178,431,449,147,251,512,159,29,8,177,1
1642354,KJ Simpson,KJ,1610612743,DEN,23.0,18,8,10,0.444,247.72666666666666,33,97,0.34,12,40,0.3,11,18,0.611,8,26,34,43,24,16,0,8,18,27,89,-8,218.3,0,0,210.0,455,433,140,357,437,431,412,523,385,384,397,429,418,484,441,443,450,366,375,365,515,204,117,374,436,288,431,260,33,432,2
1642955,Kadary Richmond,Kadary,1610612764,WAS,24.0,3,2,1,0.667,66.8,10,16,0.625,2,4,0.5,3,3,1.0,1,9,10,8,2,8,1,0,2,3,25,5,74.0,0,0,63.0,551,512,9,93,512,493,515,36,462,494,14,494,508,1,530,496,505,486,516,435,482,1,20,506,502,223,495,260,33,500,1
1642880,Kam Jones,Kam,1610612754,IND,24.0,33,5,28,0.152,530.3416666666667,59,143,0.413,19,65,0.292,4,8,0.5,10,40,50,102,30,17,0,9,35,10,141,-135,375.0,1,0,346.0,388,466,374,543,367,385,379,428,357,344,414,485,465,516,428,412,422,221,338,359,515,212,179,454,399,488,386,188,33,387,1
1626157,Karl-Anthony Towns,Karl-Anthony,1610612752,NYK,30.0,72,46,26,0.639,2229.5666666666666,494,996,0.496,109,296,0.368,348,407,0.855,228,627,855,211,182,61,39,72,247,353,1445,360,2905.5,53,1,2820.0,64,38,345,133,35,30,36,165,96,94,189,16,18,122,6,1,2,87,20,93,88,569,577,12,25,24,17,1,21,16,1
1631255,Karlo Matković,Karlo,1610612740,NOP,25.0,62,24,38,0.387,911.7566666666667,142,235,0.604,38,90,0.422,30,41,0.732,72,157,229,50,34,25,54,10,105,37,352,-93,904.8,1,0,827.0,172,241,499,393,287,268,321,44,280,309,51,341,338,361,114,200,181,350,323,308,46,227,364,343,285,459,263,188,33,273,1
1642857,Kasparas Jakučionis,Kasparas,1610612748,MIA,19.0,49,26,23,0.531,873.9116666666666,95,224,0.424,61,146,0.418,53,60,0.883,40,89,129,125,47,31,7,16,93,56,304,51,713.3,0,0,695.0,291,221,303,272,296,334,327,387,202,236,63,253,285,79,241,319,309,175,267,270,347,297,334,279,311,150,308,260,33,309,1
202695,Kawhi Leonard,Kawhi,1610612746,LAC,34.0,62,36,26,0.581,1987.1416666666667,606,1201,0.505,163,425,0.384,360,400,0.9,66,327,393,223,126,119,27,33,75,314,1735,345,2853.1,5,0,2806.0,172,129,345,199,68,10,11,142,36,38,139,13,21,50,134,42,61,82,59,6,141,449,288,19,9,28,19,94,33,18,1
1630811,Keaton Wallace,Keaton,1610612737,ATL,27.0,51,30,21,0.588,495.97333333333336,66,157,0.42,37,93,0.398,9,14,0.643,3,49,52,86,25,23,5,4,45,16,178,-65,428.4,0,0,409.0,276,187,268,191,373,375,369,404,285,304,93,436,431,463,498,391,416,257,369,318,382,139,208,415,377,422,372,260,33,372,1
1631099,Keegan Murray,Keegan,1610612758,SAC,25.0,23,5,18,0.217,793.0966666666667,126,300,0.42,31,112,0.277,38,49,0.776,33,99,132,38,27,24,36,15,42,38,321,-164,689.4,2,0,642.0,427,466,233,512,317,293,271,406,300,281,426,304,317,283,278,305,304,376,356,314,97,293,196,340,304,504,315,151,33,315,1
1642276,Kel'el Ware,Kel'el,1610612748,MIA,21.0,73,37,36,0.507,1624.4033333333334,328,620,0.529,84,219,0.384,71,94,0.755,212,455,667,49,60,57,82,25,116,81,811,-43,2041.9,24,0,1889.0,48,123,482,300,135,97,120,103,146,173,138,211,210,322,9,10,9,352,213,114,18,383,389,214,117,383,68,16,33,77,1
1629640,Keldon Johnson,Keldon,1610612759,SAS,26.0,78,59,19,0.756,1811.75,390,743,0.525,95,255,0.373,138,173,0.798,125,286,411,106,66,42,9,52,155,130,1013,281,1752.2,5,0,1727.0,3,1,243,43,100,61,83,107,126,126,172,93,99,233,50,63,50,211,188,207,307,539,506,123,75,43,95,94,33,90,1
203482,Kelly Olynyk,Kelly,1610612759,SAS,34.0,42,33,9,0.786,360.2133333333333,47,96,0.49,12,47,0.255,27,38,0.711,24,52,76,49,24,15,3,7,39,39,133,-38,327.7,0,0,306.0,331,164,125,32,408,402,414,178,385,373,441,348,346,389,333,386,375,352,375,376,432,189,187,334,404,371,397,260,33,401,1
1626162,Kelly Oubre Jr.,Kelly,1610612755,PHI,30.0,46,25,21,0.543,1463.295,234,503,0.465,83,225,0.369,107,141,0.759,47,181,228,77,64,57,22,32,114,121,658,-48,1220.1,5,0,1204.0,312,229,268,251,159,166,171,250,151,161,183,135,133,316,211,164,182,280,196,114,178,442,383,135,161,394,191,94,33,183,1
1631113,Kennedy Chandler,Kennedy,1610612762,UTA,23.0,9,0,9,0.0,271.0933333333333,39,99,0.394,9,28,0.321,21,31,0.677,4,21,25,56,16,7,2,13,21,26,108,-87,233.0,0,0,216.0,492,558,125,558,432,420,410,475,403,408,350,372,364,431,485,459,465,332,410,442,455,269,129,376,421,451,425,260,33,428,1
1629026,Kenrich Williams,Kenrich,1610612760,OKC,31.0,52,39,13,0.75,774.965,127,255,0.498,47,114,0.412,32,50,0.64,48,113,161,69,40,29,5,12,55,54,333,91,691.7,0,0,678.0,266,100,169,46,323,291,301,161,248,278,66,330,312,466,205,276,264,296,297,283,382,257,230,287,299,122,313,260,33,312,1
203484,Kentavious Caldwell-Pope,Kentavious,1610612763,MEM,33.0,51,20,31,0.392,1087.5583333333334,150,366,0.41,55,174,0.316,73,80,0.913,20,105,125,139,61,43,8,12,57,68,428,-114,878.5,0,0,849.0,276,292,425,390,253,263,236,437,220,209,365,208,238,49,358,286,314,158,210,203,327,257,237,249,257,471,271,260,33,268,1
1631165,Keon Ellis,Keon,1610612739,CLE,26.0,69,29,40,0.42,1410.455,160,365,0.438,87,240,0.363,47,65,0.723,38,90,128,63,40,82,45,7,129,80,454,-134,1043.1,0,0,986.0,86,195,510,371,178,252,237,346,140,141,206,274,268,372,250,315,311,311,297,44,68,189,437,218,248,486,231,260,33,234,2
1642352,Keshad Johnson,Keshad,1610612748,MIA,24.0,28,14,14,0.5,211.03833333333333,36,82,0.439,12,38,0.316,17,25,0.68,20,31,51,4,12,10,7,6,21,16,101,39,207.2,1,0,202.0,408,368,182,301,450,428,428,341,385,391,366,391,388,428,358,434,418,512,430,413,347,173,129,415,424,157,440,188,33,437,1
1642933,Keshon Gilbert,Keshon,1610612737,ATL,22.0,3,0,3,0.0,48.25,1,4,0.25,0,2,0.0,4,4,1.0,2,3,5,3,6,2,4,0,3,2,6,-47,28.5,0,0,26.0,551,558,51,558,527,554,557,553,504,513,504,485,497,1,511,536,532,528,477,502,403,1,32,520,549,393,535,260,33,535,1
201142,Kevin Durant,Kevin,1610612745,HOU,37.0,75,46,29,0.613,2727.6766666666667,685,1320,0.519,178,434,0.41,392,447,0.877,38,370,408,357,238,61,69,38,136,360,1940,333,3117.1,7,0,3143.0,31,38,394,164,2,4,7,116,29,36,73,8,11,86,250,31,53,35,3,93,24,478,454,10,4,32,10,68,33,7,1
1628989,Kevin Huerter,Kevin,1610612765,DET,27.0,66,38,28,0.576,1480.96,255,567,0.45,93,308,0.302,53,69,0.768,34,198,232,167,68,55,32,26,113,70,656,89,1377.9,1,0,1322.0,129,110,374,206,155,147,139,312,130,90,395,253,260,298,274,147,177,122,180,126,116,393,379,246,162,124,158,188,33,160,2
201567,Kevin Love,Kevin,1610612762,UTA,37.0,37,10,27,0.27,612.8,79,199,0.397,53,142,0.373,37,44,0.841,55,160,215,67,30,14,9,1,54,41,248,-80,645.5,2,0,629.0,366,407,359,469,350,358,344,467,229,244,169,311,326,141,174,194,194,303,338,386,307,54,225,328,340,437,325,151,33,319,1
1641755,Kevin McCullar Jr.,Kevin,1610612752,NYK,25.0,20,11,9,0.55,130.27666666666667,14,36,0.389,6,18,0.333,2,5,0.4,10,16,26,19,12,7,0,2,18,5,36,-45,104.7,0,0,101.0,443,402,125,240,479,477,477,479,423,433,291,504,492,541,428,473,464,429,430,442,515,85,117,491,482,387,479,260,33,478,1
1629645,Kevin Porter Jr.,Kevin,1610612749,MIL,25.0,38,18,20,0.474,1261.015,239,514,0.465,46,143,0.322,137,156,0.878,34,164,198,280,110,83,19,31,88,138,661,-107,1514.6,10,2,1389.0,361,315,262,333,212,162,162,253,255,242,348,96,115,85,274,190,214,57,90,41,209,437,324,114,160,466,138,55,14,150,1
1626172,Kevon Looney,Kevon,1610612740,NOP,30.0,19,2,17,0.105,254.18666666666667,23,54,0.426,1,9,0.111,5,8,0.625,44,56,100,25,8,6,9,4,32,7,52,-64,246.5,0,0,208.0,450,512,219,554,436,454,456,378,478,462,499,473,465,475,223,379,346,407,459,452,307,139,167,472,465,420,420,260,33,434,1
1641718,Keyonte George,Keyonte,1610612762,UTA,22.0,54,16,38,0.296,1786.1083333333333,402,881,0.456,134,361,0.371,337,378,0.892,23,176,199,332,166,58,14,58,120,256,1275,-335,2061.8,4,0,2084.0,248,341,499,443,105,55,51,285,60,63,175,20,24,67,339,171,212,39,31,106,249,554,407,35,39,558,66,106,33,62,1
1642863,Khaman Maluach,Khaman,1610612756,PHX,19.0,42,20,22,0.476,342.7583333333333,44,82,0.537,3,15,0.2,22,31,0.71,38,64,102,6,24,4,28,9,37,23,113,32,316.4,0,0,288.0,331,292,287,332,414,408,428,99,445,442,470,367,364,393,250,361,343,498,375,472,137,212,182,387,418,168,401,260,33,405,1
203114,Khris Middleton,Khris,1610612742,DAL,34.0,59,17,42,0.288,1370.8533333333332,219,519,0.422,63,177,0.356,111,128,0.867,50,172,222,167,102,41,9,25,141,107,612,-320,1176.9,2,0,1164.0,211,324,528,447,184,186,158,398,196,205,228,130,143,104,194,176,188,122,106,214,307,383,472,158,175,555,203,151,33,192,2
1630165,Killian Hayes,Killian,1610612758,SAC,24.0,20,9,11,0.45,329.0133333333333,33,114,0.289,13,53,0.245,15,16,0.938,4,43,47,72,24,14,4,4,28,12,94,0,288.4,0,0,262.0,443,418,151,354,418,431,397,548,378,364,450,403,428,42,485,401,429,291,375,386,403,139,155,439,431,251,407,260,33,409,1
202691,Klay Thompson,Klay,1610612742,DAL,36.0,67,20,47,0.299,1460.4633333333334,278,701,0.397,197,508,0.388,34,45,0.756,17,123,140,93,62,32,19,9,68,26,787,-130,1185.5,0,0,1319.0,112,292,550,442,161,134,91,469,21,19,123,322,323,321,374,256,293,240,204,266,209,212,271,376,128,484,196,260,33,161,1
1641738,Kobe Brown,Kobe,1610612754,IND,26.0,58,17,41,0.293,884.5266666666666,116,249,0.466,47,127,0.37,45,56,0.804,65,105,170,74,48,20,12,22,65,54,324,-196,687.0,0,0,679.0,215,324,518,445,291,307,309,246,248,261,179,279,295,218,136,286,252,287,265,336,271,358,255,287,303,518,316,260,33,311,2
1641723,Kobe Bufkin,Kobe,1610612747,LAL,22.0,14,9,5,0.643,97.48333333333333,12,42,0.286,3,23,0.13,8,8,1.0,1,9,10,5,4,2,3,2,7,9,35,-61,65.5,0,0,63.0,464,418,77,125,493,483,472,549,445,417,494,445,465,1,530,496,505,506,493,502,432,85,77,458,483,416,502,260,33,500,1
1642920,Kobe Sanders,Kobe,1610612746,LAC,23.0,64,34,30,0.531,1269.2933333333333,165,356,0.463,73,179,0.408,49,61,0.803,28,115,143,103,79,46,8,15,136,58,452,19,861.1,0,0,879.0,151,157,410,271,210,249,241,259,173,204,81,265,280,220,305,269,288,219,154,187,327,293,454,272,249,190,276,260,33,261,1
1642886,Koby Brea,Koby,1610612756,PHX,23.0,9,4,5,0.444,39.7,7,17,0.412,6,14,0.429,2,2,1.0,0,2,2,6,1,0,0,0,4,1,22,-3,32.4,0,0,36.0,492,477,77,357,531,514,514,431,423,445,47,504,517,1,552,547,555,498,532,550,515,1,48,536,505,266,529,260,33,521,1
1642851,Kon Knueppel,Kon,1610612766,CHA,20.0,78,43,35,0.551,2455.116666666667,501,1042,0.481,265,616,0.43,194,225,0.862,92,325,417,263,153,55,18,48,164,182,1461,326,2421.9,7,0,2552.0,3,57,471,237,17,25,32,205,1,4,45,53,66,113,80,44,48,65,39,126,218,525,521,71,24,34,40,68,33,28,1
1627739,Kris Dunn,Kris,1610612746,LAC,32.0,78,40,38,0.513,2127.2033333333334,221,458,0.483,78,204,0.382,62,81,0.765,57,200,257,282,104,127,14,22,182,72,582,30,1632.4,0,0,1481.0,3,87,499,289,52,182,197,196,162,186,145,230,234,301,165,143,156,56,100,4,249,358,547,239,187,172,116,260,33,133,1
1631200,Kris Murray,Kris,1610612757,POR,25.0,53,26,27,0.491,1248.505,121,265,0.457,31,117,0.265,36,51,0.706,86,108,194,74,43,47,22,18,84,45,309,6,816.8,0,0,746.0,258,221,359,324,216,300,296,282,300,274,436,314,306,399,89,282,221,287,279,182,178,316,316,318,309,217,281,260,33,297,1
204001,Kristaps Porziņģis,Kristaps,1610612744,GSW,30.0,30,13,17,0.433,719.03,166,368,0.451,53,153,0.346,125,149,0.839,37,115,152,78,37,17,37,13,86,129,510,29,934.4,1,0,901.0,400,379,219,365,337,247,234,306,229,226,257,109,124,147,259,269,273,275,312,359,94,269,319,126,223,173,257,188,33,253,2
203937,Kyle Anderson,Kyle,1610612750,MIN,32.0,40,13,27,0.325,779.9833333333333,94,180,0.522,4,10,0.4,43,61,0.705,36,98,134,111,38,40,23,11,90,54,235,-71,713.3,0,0,610.0,350,379,359,427,321,338,356,109,437,458,89,289,280,402,263,307,301,201,307,221,171,241,332,287,345,428,308,260,33,322,3
1642271,Kyle Filipowski,Kyle,1610612762,UTA,22.0,76,21,55,0.276,1782.68,320,648,0.494,73,224,0.326,157,210,0.748,144,402,546,193,124,73,39,50,228,148,870,-244,2026.7,13,0,1906.0,25,278,573,461,109,103,106,169,173,162,334,81,75,339,32,18,20,101,66,63,88,533,573,99,102,535,72,40,33,75,1
1628398,Kyle Kuzma,Kyle,1610612749,MIL,30.0,68,30,38,0.441,1784.9416666666666,336,685,0.491,82,238,0.345,134,185,0.724,57,255,312,179,114,46,28,37,134,155,888,-275,1638.9,4,0,1609.0,100,187,499,362,108,88,97,176,152,145,262,101,91,370,165,83,107,114,85,187,137,471,449,91,96,544,114,106,33,111,1
200768,Kyle Lowry,Kyle,1610612755,PHI,40.0,13,8,5,0.615,113.12333333333333,4,20,0.2,4,20,0.2,5,6,0.833,0,9,9,11,4,2,2,0,8,6,17,-33,52.3,0,0,49.0,469,433,77,160,485,530,501,560,437,424,470,473,480,154,552,496,510,467,493,502,455,1,81,482,518,358,507,260,33,509,1
1642273,Kyshawn George,Kyshawn,1610612764,WAS,22.0,48,10,38,0.208,1390.9633333333334,253,577,0.438,99,260,0.381,105,131,0.802,43,202,245,214,125,48,43,37,169,127,710,-355,1473.0,3,0,1450.0,298,407,499,515,179,149,134,344,116,121,151,137,141,224,228,139,162,85,63,175,73,471,529,128,152,565,148,124,33,140,1
1643018,LJ Cryer,LJ,1610612744,GSW,24.0,17,6,11,0.353,276.99666666666667,44,111,0.396,35,89,0.393,17,19,0.895,4,23,27,16,12,2,0,1,27,12,140,17,190.4,0,0,222.0,457,455,151,408,429,408,400,470,291,311,105,391,415,61,485,452,462,444,430,502,515,54,152,439,400,195,447,260,33,426,1
1630163,LaMelo Ball,LaMelo,1610612766,CHA,24.0,69,40,29,0.58,1919.1383333333333,480,1181,0.406,255,693,0.368,148,166,0.892,59,271,330,494,189,82,16,51,185,211,1363,429,2605.0,10,1,2638.0,86,87,394,202,78,34,13,444,2,2,190,88,106,66,160,72,97,7,19,44,235,535,552,53,33,14,27,55,21,23,1
1642950,Lachlan Olbrich,Lachlan,1610612741,CHI,22.0,33,7,26,0.212,243.59166666666667,25,51,0.49,2,12,0.167,12,30,0.4,27,47,74,24,13,7,4,5,38,22,64,21,208.8,0,0,186.0,388,441,345,514,438,451,462,177,462,454,486,424,369,541,313,393,382,410,426,442,403,152,185,390,457,185,439,260,33,445,1
1629013,Landry Shamet,Landry,1610612752,NYK,29.0,48,32,16,0.667,1102.45,155,351,0.442,100,254,0.394,53,74,0.716,22,67,89,69,29,30,9,18,75,78,463,193,761.3,0,0,799.0,298,169,206,93,249,260,245,335,114,128,104,253,250,380,346,354,360,296,346,276,307,316,288,226,241,72,299,260,33,282,1
1626204,Larry Nance Jr.,Larry,1610612739,CLE,33.0,32,23,9,0.719,390.68666666666667,41,108,0.38,20,58,0.345,5,9,0.556,27,56,83,30,16,20,5,6,50,18,107,2,310.6,0,0,290.0,394,253,125,67,397,416,402,493,351,356,260,473,456,505,313,379,370,396,410,336,382,173,216,407,422,240,403,260,33,404,1
1628374,Lauri Markkanen,Lauri,1610612762,UTA,28.0,42,17,25,0.405,1442.5966666666666,384,805,0.477,115,324,0.355,240,268,0.896,84,205,289,89,63,42,21,46,77,231,1123,-55,1729.3,5,0,1742.0,331,324,334,379,169,65,67,215,88,82,230,42,49,60,91,134,124,252,198,207,189,521,298,40,56,405,98,94,33,87,1
1643133,Lawson Lovering,Lawson,1610612763,MEM,22.0,2,1,1,0.5,49.265,6,10,0.6,0,0,0.0,2,5,0.4,6,9,15,3,2,3,1,1,7,4,14,1,46.5,1,0,40.0,561,539,9,301,526,518,531,48,504,537,504,504,492,541,465,496,497,528,516,486,482,54,77,499,523,247,512,188,33,515,1
2544,LeBron James,LeBron,1610612747,LAL,41.0,57,36,21,0.632,1908.605,446,871,0.512,72,233,0.309,220,298,0.738,43,303,346,403,169,63,34,43,79,210,1184,59,2325.7,15,3,2199.0,221,129,268,142,80,43,52,131,178,151,375,46,43,354,228,54,86,25,28,88,106,507,303,55,49,144,47,34,8,49,1
1641778,Leaky Black,Leaky,1610612764,WAS,26.0,11,1,10,0.091,327.20166666666665,30,71,0.423,14,34,0.412,7,8,0.875,13,45,58,18,8,12,7,2,27,6,81,-45,226.6,0,0,209.0,480,539,140,555,419,441,439,394,376,400,67,454,465,88,406,395,406,435,459,402,347,85,152,482,444,387,428,260,33,433,1
1631159,Leonard Miller,Leonard,1610612741,CHI,22.0,42,16,26,0.381,581.2166666666667,116,215,0.54,26,83,0.313,32,43,0.744,45,103,148,30,28,13,10,9,52,33,290,-9,553.6,2,0,540.0,331,341,345,394,357,307,329,92,323,323,368,330,330,344,220,294,278,396,352,394,293,212,220,357,320,292,343,151,33,340,2
1642862,Liam McNeeley,Liam,1610612766,CHA,20.0,30,11,19,0.367,363.2216666666667,38,94,0.404,24,60,0.4,32,39,0.821,13,59,72,23,13,5,3,5,36,28,132,15,263.9,0,0,267.0,400,402,243,400,406,422,417,452,331,353,89,330,343,191,406,368,384,414,426,460,432,152,180,372,405,197,412,260,33,408,1
1630322,Lindy Waters III,Lindy,1610612759,SAS,28.0,39,30,9,0.769,279.86,32,86,0.372,26,77,0.338,2,3,0.667,3,25,28,19,7,5,1,2,23,11,92,-7,165.1,0,0,177.0,356,187,125,38,428,437,424,502,323,330,281,504,508,436,498,446,457,429,468,460,482,85,139,447,434,281,457,260,33,449,1
1628366,Lonzo Ball,Lonzo,1610612739,CLE,28.0,35,19,16,0.543,727.7433333333333,53,176,0.301,40,147,0.272,14,21,0.667,26,114,140,136,52,45,9,6,46,17,160,32,642.0,0,0,584.0,379,306,206,252,333,394,360,547,272,233,429,411,403,436,318,274,293,161,254,192,307,173,209,409,384,168,327,260,33,333,1
1631351,Lucas Williamson,Lucas,1610612763,MEM,27.0,3,0,3,0.0,64.4,4,15,0.267,2,10,0.2,2,2,1.0,3,5,8,7,4,1,0,2,8,3,12,-15,31.1,0,0,31.0,551,558,51,558,514,530,518,552,462,458,470,504,517,1,498,519,516,492,493,526,515,85,81,506,530,315,531,260,33,529,1
1629652,Luguentz Dort,Luguentz,1610612760,OKC,26.0,65,51,14,0.785,1765.5216666666668,193,501,0.385,121,354,0.342,44,58,0.759,56,182,238,81,53,53,27,14,174,98,551,290,1145.1,0,0,1151.0,143,16,182,33,113,212,172,484,75,68,268,284,289,317,168,162,173,270,249,142,141,280,536,175,203,39,212,260,33,195,1
1629029,Luka Dončić,Luka,1610612747,LAL,27.0,64,43,21,0.672,2288.6016666666665,693,1457,0.476,254,694,0.366,503,645,0.78,41,454,495,530,255,105,34,28,153,464,2143,187,3694.0,34,8,3700.0,151,57,268,90,31,3,2,218,3,1,193,2,1,273,235,12,29,5,1,11,106,408,501,1,1,76,2,7,4,1,1
1630568,Luka Garza,Luka,1610612738,BOS,27.0,67,45,22,0.672,1063.7566666666667,190,326,0.583,52,118,0.441,84,110,0.764,148,115,263,63,43,25,26,21,153,112,516,113,1036.1,1,0,996.0,112,45,287,92,258,216,259,60,232,272,35,174,177,306,26,269,151,311,279,308,150,353,501,153,218,106,235,188,33,232,1
1628379,Luke Kennard,Luke,1610612747,LAL,29.0,74,42,32,0.568,1585.8233333333333,219,412,0.532,114,237,0.481,54,58,0.931,32,145,177,153,57,47,8,18,99,48,606,22,1155.9,1,1,1160.0,38,69,437,216,142,186,216,102,91,146,23,250,289,43,287,222,245,138,231,182,327,316,348,310,177,183,207,188,21,194,2
1628436,Luke Kornet,Luke,1610612759,SAS,30.0,65,49,16,0.754,1363.3966666666668,165,258,0.64,0,0,0.0,92,112,0.821,177,222,399,118,27,29,64,18,114,121,422,96,1329.8,3,0,1125.0,143,28,206,45,189,249,299,30,504,537,504,157,173,189,15,116,58,190,356,283,33,316,383,135,259,118,170,124,33,200,1
1631247,Luke Travers,Luke,1610612739,CLE,24.0,12,6,6,0.5,103.09166666666667,9,36,0.25,1,16,0.063,9,9,1.0,9,15,24,9,3,7,4,3,6,5,28,-32,100.3,0,0,84.0,473,455,87,301,489,500,477,553,478,438,503,436,456,1,436,477,471,480,503,442,403,119,63,491,496,356,481,260,33,483,1
1630644,Mac McClung,Mac,1610612741,CHI,27.0,7,0,7,0.0,73.54166666666667,14,36,0.389,2,16,0.125,10,13,0.769,2,5,7,4,4,6,3,2,10,8,40,-17,77.4,0,0,71.0,506,558,103,558,504,477,477,479,462,438,496,433,435,296,511,519,521,512,493,452,432,85,89,464,479,323,491,260,33,493,2
1641869,Malachi Smith,Malachi,1610612751,BKN,26.0,11,2,9,0.182,202.98666666666668,30,61,0.492,12,26,0.462,3,3,1.0,7,18,25,23,11,11,4,3,6,11,75,-28,173.5,0,0,165.0,480,512,125,531,452,441,450,173,385,411,26,494,508,1,456,468,465,414,439,407,403,119,63,447,448,349,453,260,33,454,1
1631103,Malaki Branham,Malaki,1610612764,WAS,22.0,28,7,21,0.25,275.47833333333335,43,91,0.473,14,37,0.378,28,34,0.824,12,32,44,23,15,10,3,9,21,19,128,-42,239.3,0,0,235.0,408,441,268,480,430,410,419,229,376,394,156,345,359,184,414,432,432,414,417,413,432,212,129,402,407,382,422,260,33,421,1
1642502,Malevy Leons,Malevy,1610612744,GSW,26.0,21,6,15,0.286,202.75333333333333,22,52,0.423,3,13,0.231,7,11,0.636,23,17,40,15,8,10,7,5,24,13,54,-38,167.5,0,0,146.0,435,455,193,449,453,457,459,391,445,449,460,454,446,468,339,471,441,449,459,413,347,152,143,435,462,371,455,260,33,458,1
1628370,Malik Monk,Malik,1610612758,SAC,28.0,60,17,43,0.283,1343.2933333333333,271,623,0.435,121,309,0.392,94,107,0.879,15,100,115,184,88,36,22,31,98,91,757,-256,1257.0,0,0,1293.0,199,324,531,455,193,138,117,359,75,88,109,156,184,84,392,302,325,109,133,245,178,437,347,189,136,538,182,260,33,166,1
1630699,MarJon Beauchamp,MarJon,1610612755,PHI,25.0,13,6,7,0.462,193.51166666666666,32,74,0.432,16,46,0.348,12,17,0.706,6,25,31,15,13,9,4,5,13,12,92,-24,177.7,0,0,180.0,469,455,103,344,458,437,435,365,366,374,254,424,424,399,465,446,452,449,426,426,403,152,99,439,434,341,449,260,33,447,1
1631204,Marcus Sasser,Marcus,1610612765,DET,25.0,34,25,9,0.735,424.34833333333336,66,162,0.407,42,97,0.433,15,18,0.833,7,29,36,70,29,20,3,6,39,14,189,111,377.2,0,0,383.0,384,229,125,55,387,375,364,440,263,300,43,403,418,154,456,438,447,294,346,336,432,173,187,430,369,109,385,260,33,378,1
203935,Marcus Smart,Marcus,1610612747,LAL,32.0,60,39,21,0.65,1724.6283333333333,185,464,0.399,96,286,0.336,102,125,0.816,36,129,165,168,87,84,22,13,157,140,568,238,1249.0,0,0,1209.0,199,100,268,120,122,224,188,462,123,104,288,143,146,201,263,246,258,121,135,38,178,269,511,111,194,51,183,260,33,182,1
1641813,Mark Sears,Mark,1610612749,MIL,24.0,7,1,6,0.143,26.081666666666667,6,13,0.462,4,8,0.5,6,8,0.75,1,1,2,2,4,0,0,0,4,6,22,12,23.4,0,0,30.0,506,539,87,546,543,518,522,264,437,466,14,465,465,328,530,558,555,540,493,550,515,1,48,482,505,204,540,260,33,531,1
1631109,Mark Williams,Mark,1610612756,PHX,24.0,58,34,24,0.586,1367.585,273,427,0.639,1,1,1.0,127,165,0.77,179,285,464,58,62,52,54,26,125,137,674,-32,1573.8,14,0,1409.0,215,157,319,192,186,136,212,31,478,523,1,107,108,295,14,64,37,325,204,148,46,393,422,117,159,356,126,37,33,146,1
1628365,Markelle Fultz,Markelle,1610612761,TOR,27.0,5,3,2,0.6,35.766666666666666,2,11,0.182,0,0,0.0,0,0,0.0,0,1,1,8,4,2,0,1,2,0,4,-36,19.2,0,0,17.0,526,491,31,174,534,548,529,564,504,537,504,548,551,548,552,558,563,486,493,502,515,54,20,561,555,366,548,260,33,546,1
1628963,Marvin Bagley III,Marvin,1610612742,DAL,27.0,57,16,41,0.281,1140.4166666666667,237,385,0.616,20,43,0.465,90,138,0.652,142,206,348,81,59,27,40,29,118,114,584,-197,1265.1,6,0,1167.0,221,341,518,458,242,163,224,40,351,377,25,162,136,452,33,132,84,270,219,294,83,420,398,150,185,520,181,83,33,191,2
203486,Mason Plumlee,Mason,1610612759,SAS,36.0,19,10,9,0.526,155.73833333333334,10,13,0.769,0,0,0.0,9,14,0.643,16,34,50,19,12,10,0,1,16,15,29,-2,135.5,0,0,118.0,450,407,125,280,469,493,522,5,504,537,504,436,431,463,381,426,422,429,430,413,515,54,108,423,494,260,467,260,33,469,2
1641824,Matas Buzelis,Matas,1610612741,CHI,21.0,76,28,48,0.368,2221.5316666666668,440,946,0.465,173,486,0.356,185,235,0.787,77,363,440,155,157,54,113,56,177,198,1238,-288,2342.5,4,0,2340.0,25,204,552,398,38,45,44,251,32,26,227,59,56,252,105,33,41,134,35,137,6,550,542,58,45,551,44,106,33,36,1
1629680,Matisse Thybulle,Matisse,1610612757,POR,29.0,26,15,11,0.577,397.0083333333333,49,113,0.434,31,79,0.392,20,23,0.87,16,39,55,23,23,49,13,2,40,22,149,82,412.5,0,0,382.0,417,357,151,205,395,400,398,363,300,328,107,373,394,100,381,417,411,414,380,167,263,85,190,390,394,130,376,260,33,380,1
1631108,Max Christie,Max,1610612742,DAL,23.0,73,23,50,0.315,2138.963333333333,304,687,0.443,170,421,0.404,109,122,0.893,15,225,240,145,93,44,24,39,96,109,887,-347,1503.5,0,0,1578.0,48,253,562,438,50,112,95,332,34,39,86,133,152,62,392,112,168,149,123,197,162,487,344,156,97,561,141,260,33,122,1
1642917,Max Shulga,Max,1610612738,BOS,23.0,9,6,3,0.667,12.883333333333333,1,4,0.25,0,1,0.0,2,2,1.0,1,0,1,2,1,0,0,0,5,1,4,-4,7.2,0,0,7.0,492,455,51,93,561,554,557,553,504,523,504,504,517,1,530,568,563,540,532,550,515,1,56,536,555,270,564,260,33,563,1
1629622,Max Strus,Max,1610612739,CLE,30.0,9,7,2,0.778,225.745,39,81,0.481,30,67,0.448,6,8,0.75,8,46,54,20,7,3,0,2,28,9,114,22,210.8,0,0,224.0,492,441,31,35,445,420,430,201,307,340,30,465,465,328,441,394,412,425,468,486,515,85,155,458,415,183,438,260,33,425,1
1628467,Maxi Kleber,Maxi,1610612747,LAL,34.0,39,17,22,0.436,415.77666666666664,30,65,0.462,6,24,0.25,14,24,0.583,31,45,76,26,14,17,10,5,55,23,80,57,277.2,0,0,242.0,356,324,287,364,392,441,444,264,423,415,442,411,392,494,293,395,375,405,425,359,293,152,230,387,445,145,408,260,33,416,1
1642875,Maxime Raynaud,Maxime,1610612758,SAC,22.0,71,20,51,0.282,1861.2466666666667,360,635,0.567,19,65,0.292,122,156,0.782,137,394,531,93,86,36,37,35,167,133,861,-468,1770.7,18,0,1650.0,68,292,564,456,90,81,112,74,357,344,414,116,115,268,38,24,22,240,136,245,94,462,527,121,105,575,90,26,33,105,1
1642877,Micah Peavy,Micah,1610612740,NOP,24.0,58,16,42,0.276,799.6183333333333,90,243,0.37,24,98,0.245,15,21,0.714,41,66,107,55,16,40,7,16,82,20,219,-116,554.9,0,0,499.0,215,341,528,462,312,344,313,504,331,299,451,403,403,382,235,358,336,334,410,221,347,297,313,401,358,474,342,260,33,354,1
1630695,Micah Potter,Micah,1610612754,IND,28.0,43,10,33,0.233,804.8116666666666,129,250,0.516,63,145,0.434,80,92,0.87,50,145,195,63,37,18,14,9,75,78,401,-128,788.5,4,0,786.0,326,407,446,498,310,288,307,121,196,238,38,184,214,100,194,222,219,311,312,355,249,212,288,226,263,483,292,106,33,287,1
1629008,Michael Porter Jr.,Michael,1610612751,BKN,27.0,52,14,38,0.269,1688.6033333333332,444,958,0.463,176,485,0.363,195,227,0.859,69,298,367,158,122,55,13,38,116,182,1259,-205,2018.4,12,0,2096.0,266,368,499,470,126,44,43,261,30,27,205,52,64,117,124,58,71,132,72,126,263,478,389,71,41,523,76,45,33,61,1
1628969,Mikal Bridges,Mikal,1610612752,NYK,29.0,78,50,28,0.641,2595.6516666666666,456,936,0.487,152,410,0.371,79,95,0.832,76,228,304,293,82,102,61,18,154,117,1143,267,2354.3,1,0,2218.0,3,19,374,129,4,40,45,184,43,43,176,189,208,162,108,107,113,50,146,14,37,316,503,141,51,46,43,188,33,47,1
201144,Mike Conley,Mike,1610612750,MIN,38.0,52,31,21,0.596,946.4316666666666,66,206,0.32,51,159,0.321,45,50,0.9,16,74,90,150,31,31,14,3,79,47,228,-17,665.0,0,0,609.0,266,174,268,183,280,375,337,539,234,222,352,279,312,50,381,343,358,144,333,270,249,119,303,313,351,323,319,260,33,323,1
1628970,Miles Bridges,Miles,1610612766,CHA,28.0,74,41,33,0.554,2308.028333333333,468,1018,0.46,146,435,0.336,202,243,0.831,71,358,429,237,106,46,32,37,128,173,1284,159,2282.3,7,0,2252.0,38,77,446,233,29,39,33,272,49,35,289,50,54,163,116,35,45,75,93,187,116,471,436,79,38,85,50,68,33,42,1
1642939,Miles Kelly,Miles,1610612742,DAL,23.0,14,7,7,0.5,133.72333333333333,16,44,0.364,10,33,0.303,1,1,1.0,5,19,24,12,6,4,1,0,12,1,43,-12,98.8,0,0,99.0,464,441,103,301,477,471,468,510,396,401,393,530,544,1,473,464,471,460,477,472,482,1,98,536,474,303,482,260,33,479,1
1630540,Miles McBride,Miles,1610612752,NYK,25.0,38,23,15,0.605,1016.7516666666667,160,378,0.423,105,255,0.412,35,43,0.814,22,72,94,101,32,32,8,10,67,37,460,225,812.3,0,0,840.0,361,253,193,171,267,252,226,390,106,126,67,319,330,204,346,346,352,225,330,266,327,227,266,343,242,57,282,260,33,270,1
1629011,Mitchell Robinson,Mitchell,1610612752,NYK,28.0,58,38,20,0.655,1136.0983333333334,142,196,0.724,0,0,0.0,41,101,0.406,246,260,506,51,41,51,66,10,123,84,325,155,1318.7,6,0,1116.0,215,110,262,113,243,268,347,8,504,537,504,293,198,540,5,78,28,344,289,154,32,227,415,204,302,87,172,83,33,204,1
1628964,Mo Bamba,Mo,1610612762,UTA,27.0,4,3,1,0.75,43.8,5,11,0.455,0,0,0.0,0,0,0.0,10,12,22,1,2,0,3,0,6,1,10,-13,44.9,0,0,39.0,539,491,9,46,528,525,529,291,504,537,504,548,551,548,428,491,478,551,516,550,432,1,63,536,532,307,515,260,33,519,2
1642885,Mohamed Diawara,Mohamed,1610612752,NYK,20.0,67,41,26,0.612,589.5516666666666,88,202,0.436,48,123,0.39,14,19,0.737,15,74,89,46,28,15,6,6,49,14,238,62,448.8,0,0,463.0,112,77,345,166,355,346,342,355,246,267,114,411,415,355,392,343,360,361,352,376,368,173,213,430,344,142,369,260,33,360,1
1628420,Monte Morris,Monte,1610612754,IND,30.0,6,0,6,0.0,64.61666666666666,7,20,0.35,2,8,0.25,2,4,0.5,1,6,7,9,2,1,1,1,3,3,18,-29,43.9,0,0,40.0,514,558,87,558,513,514,501,515,462,466,442,504,497,516,530,512,521,480,516,526,482,54,32,506,517,353,517,260,33,515,1
1629021,Moritz Wagner,Moritz,1610612753,ORL,28.0,34,19,15,0.559,416.4116666666667,80,188,0.426,22,68,0.324,59,72,0.819,25,85,110,25,19,15,1,18,56,66,241,-80,439.5,0,0,430.0,384,306,193,226,390,356,352,379,340,339,341,237,253,194,326,328,333,407,397,376,482,316,235,254,343,437,370,260,33,367,1
1630541,Moses Moody,Moses,1610612744,GSW,23.0,60,30,30,0.5,1539.8983333333333,245,557,0.44,151,377,0.401,87,113,0.77,51,149,200,98,57,58,34,24,122,84,728,80,1334.0,0,0,1361.0,199,187,410,301,145,156,143,337,45,57,88,167,167,294,190,216,208,232,231,106,106,377,411,204,143,131,166,260,33,155,1
1631243,Mouhamed Gueye,Mouhamed,1610612737,ATL,23.0,74,43,31,0.581,1142.5633333333333,128,282,0.454,38,124,0.306,40,62,0.645,86,180,266,67,33,60,36,11,122,56,334,18,1008.7,3,0,897.0,38,57,425,198,239,289,285,295,280,266,384,296,276,461,89,167,149,303,327,100,97,241,411,279,297,192,242,124,33,257,1
1630619,Moussa Cisse,Moussa,1610612742,DAL,23.0,35,10,25,0.286,447.58,53,90,0.589,0,0,0.0,29,66,0.439,71,108,179,8,26,15,39,10,65,55,135,2,497.8,1,0,430.0,379,407,334,449,381,394,420,57,504,537,504,343,264,539,116,282,243,486,361,376,88,227,255,283,402,240,356,188,33,367,1
1631217,Moussa Diabaté,Moussa,1610612766,CHA,24.0,70,39,31,0.557,1815.3366666666666,223,353,0.632,1,2,0.5,114,172,0.663,264,351,615,131,70,55,68,38,169,186,561,370,1794.5,20,0,1554.0,80,100,425,230,99,177,243,34,478,513,14,127,102,448,3,37,10,165,173,126,28,478,529,67,197,23,88,21,33,126,1
1626167,Myles Turner,Myles,1610612749,MIL,30.0,70,29,41,0.414,1885.07,278,635,0.438,146,379,0.385,131,176,0.744,75,298,373,100,83,50,110,32,183,156,833,-253,1827.6,4,0,1772.0,80,195,518,374,86,134,112,348,49,53,132,104,96,343,110,58,69,227,143,161,8,442,549,90,113,537,84,106,33,85,1
1642066,Myron Gardner,Myron,1610612748,MIA,24.0,41,22,19,0.537,395.40833333333336,57,119,0.479,26,64,0.406,19,26,0.731,38,79,117,40,15,20,8,6,73,24,159,63,428.4,1,0,398.0,344,267,243,263,396,388,395,209,323,347,84,379,382,362,250,336,322,372,417,336,327,173,284,384,385,141,372,188,33,374,1
1642368,N'Faly Dante,N'Faly,1610612737,ATL,24.0,4,3,1,0.75,15.416666666666666,1,4,0.25,0,0,0.0,1,1,1.0,3,4,7,0,1,2,0,0,1,2,3,10,16.4,0,0,14.0,539,491,9,46,556,554,557,553,504,537,504,530,544,1,498,526,521,566,532,502,515,1,5,520,562,208,551,260,33,552,1
1641772,Nae'Qwan Tomlin,Nae'Qwan,1610612739,CLE,25.0,61,40,21,0.656,926.6716666666666,135,287,0.47,22,105,0.21,42,56,0.75,75,89,164,45,25,39,32,23,119,40,334,35,786.3,0,0,707.0,189,87,268,112,284,275,282,240,340,291,469,292,295,328,110,319,261,364,369,230,116,366,403,329,297,166,293,260,33,307,1
1630230,Naji Marshall,Naji,1610612742,DAL,28.0,73,25,48,0.342,2163.8233333333333,416,811,0.513,62,212,0.292,228,300,0.76,65,281,346,241,118,79,6,47,140,191,1122,-205,2035.7,2,0,1941.0,48,229,552,415,46,53,65,127,199,179,413,45,41,311,136,68,86,73,80,54,368,522,469,60,57,523,69,151,33,72,1
1631466,Nate Williams,Nate,1610612744,GSW,27.0,12,2,10,0.167,192.12,33,68,0.485,9,21,0.429,11,13,0.846,15,9,24,10,11,5,0,5,23,15,86,-52,133.8,0,0,139.0,473,512,140,536,459,431,442,188,403,420,47,429,435,132,392,496,471,470,439,460,515,152,139,423,440,404,468,260,33,463,1
1629675,Naz Reid,Naz,1610612750,MIN,26.0,75,45,30,0.6,1959.4666666666667,384,850,0.452,158,438,0.361,88,120,0.733,88,382,470,167,123,71,76,39,190,114,1014,146,2146.5,6,0,2103.0,31,45,410,174,72,65,56,304,39,34,211,166,153,358,87,27,35,122,70,70,22,487,559,150,74,90,59,83,33,60,1
1629674,Neemias Queta,Neemias,1610612738,BOS,26.0,73,50,23,0.685,1863.605,313,483,0.648,0,7,0.0,121,173,0.699,217,394,611,119,74,58,98,36,207,183,747,464,2052.7,16,0,1789.0,48,19,303,84,89,108,182,26,504,472,504,118,99,413,8,24,11,188,163,106,11,468,565,70,138,13,67,29,33,82,1
1629651,Nic Claxton,Nic,1610612751,BKN,26.0,69,17,52,0.246,1920.3666666666666,333,583,0.571,3,19,0.158,141,229,0.616,168,310,478,253,96,45,77,45,158,239,810,-515,2033.1,11,2,1788.0,86,324,566,489,77,90,131,70,445,429,488,92,62,480,21,51,33,69,114,192,20,515,512,38,118,576,70,50,14,83,1
1630208,Nick Richards,Nick,1610612741,CHI,28.0,48,20,28,0.417,700.71,103,201,0.512,5,18,0.278,65,101,0.644,77,166,243,16,59,10,32,35,88,82,276,-136,658.6,4,0,624.0,298,292,374,373,338,326,343,128,432,433,424,226,198,462,105,189,163,444,219,413,116,462,324,212,327,489,320,106,33,320,2
1641733,Nick Smith Jr.,Nick,1610612747,LAL,21.0,26,12,14,0.462,320.77666666666664,56,134,0.418,27,70,0.386,7,11,0.636,2,19,21,28,19,9,2,5,25,15,146,-19,227.2,0,0,244.0,417,389,182,344,420,389,387,416,318,338,129,454,446,468,511,464,482,399,397,426,455,152,145,423,395,332,427,260,33,414,1
1629638,Nickeil Alexander-Walker,Nickeil,1610612737,ATL,27.0,75,42,33,0.56,2492.9766666666665,519,1144,0.454,237,601,0.394,270,300,0.9,50,211,261,280,156,98,40,60,166,282,1545,232,2536.2,2,0,2599.0,31,69,446,224,12,24,19,296,4,7,103,32,41,50,194,127,154,57,36,21,83,557,526,27,18,53,30,151,33,26,1
201587,Nicolas Batum,Nicolas,1610612746,LAC,37.0,71,38,33,0.535,1262.0116666666668,92,231,0.398,88,221,0.398,9,11,0.818,23,158,181,62,37,47,22,1,94,9,281,-18,761.2,0,0,750.0,68,110,446,266,211,342,324,464,138,168,92,436,446,196,339,198,240,314,312,182,178,54,337,458,325,327,300,260,33,295,1
1628502,Nigel Hayes-Davis,Nigel,1610612756,PHX,31.0,27,15,12,0.556,195.21333333333334,15,46,0.326,2,16,0.125,2,4,0.5,12,21,33,7,8,8,2,1,16,4,34,-72,106.1,0,0,96.0,413,357,159,231,457,475,466,535,462,438,496,504,497,516,414,459,451,492,459,435,455,54,108,499,484,430,477,260,33,481,1
203999,Nikola Jokić,Nikola,1610612743,DEN,31.0,62,40,22,0.645,2172.3716666666664,617,1081,0.571,110,287,0.383,383,463,0.827,177,621,798,673,235,85,50,48,170,418,1727,520,3864.1,53,32,3578.0,172,87,287,123,45,9,26,71,94,103,142,10,10,173,15,2,4,1,6,36,55,525,533,3,11,6,1,1,1,2,1
1631107,Nikola Jović,Nikola,1610612748,MIA,22.0,47,24,23,0.511,808.0183333333333,115,314,0.366,45,167,0.269,69,101,0.683,25,128,153,102,65,26,17,14,65,85,344,-5,744.6,0,0,730.0,307,241,303,292,309,310,265,507,257,215,432,214,198,425,326,249,270,221,192,301,229,280,255,200,289,274,302,260,33,301,1
1642260,Nikola Topić,Nikola,1610612760,OKC,20.0,7,5,2,0.714,72.68166666666667,8,19,0.421,2,6,0.333,2,2,1.0,4,8,12,16,12,0,0,3,6,3,20,-7,46.4,0,0,50.0,506,466,31,71,506,507,506,402,462,477,291,504,517,1,485,505,501,444,430,550,515,119,63,506,512,281,513,260,33,508,1
202696,Nikola Vučević,Nikola,1610612738,BOS,35.0,61,33,28,0.541,1752.9016666666666,384,775,0.495,95,257,0.37,76,91,0.835,122,399,521,204,82,37,40,29,123,113,939,-59,2019.2,23,0,1913.0,189,164,374,254,117,65,72,166,126,124,181,196,216,152,55,20,25,92,146,241,83,420,415,152,87,412,75,18,33,74,2
1642363,Nique Clifford,Nique,1610612758,SAC,24.0,72,20,52,0.278,1769.7716666666668,230,555,0.414,74,220,0.336,55,80,0.688,62,201,263,166,106,66,23,37,149,66,589,-209,1314.6,0,0,1270.0,64,292,566,460,112,171,144,425,169,169,284,246,238,420,147,141,151,125,93,80,171,471,492,254,182,525,173,260,33,170,1
1642855,Noa Essengue,Noa,1610612741,CHI,19.0,2,1,1,0.5,6.033333333333333,0,3,0.0,0,2,0.0,0,0,0.0,0,0,0,0,0,1,0,1,1,0,0,-15,3.0,0,0,2.0,561,539,9,301,574,569,563,569,504,513,504,548,551,548,552,568,573,566,551,526,515,54,5,561,573,315,574,260,33,574,1
1641730,Noah Clowney,Noah,1610612751,BKN,21.0,66,17,49,0.258,1780.0633333333333,250,631,0.396,129,392,0.329,180,224,0.804,52,221,273,108,102,50,45,39,168,185,809,-329,1481.6,1,0,1509.0,129,324,559,477,111,153,115,472,64,47,327,63,67,218,187,117,139,208,106,161,68,487,528,68,119,556,147,188,33,129,1
1642869,Noah Penda,Noah,1610612753,ORL,21.0,56,27,29,0.482,741.225,82,199,0.412,30,90,0.333,33,48,0.688,67,120,187,68,42,30,18,12,69,40,227,-46,655.4,2,0,608.0,229,213,394,328,329,353,344,429,307,309,291,326,320,420,130,263,232,299,283,276,218,257,273,329,353,391,322,151,33,324,1
1642849,Nolan Traore,Nolan,1610612751,BKN,19.0,54,13,41,0.241,1217.7583333333334,175,463,0.378,59,182,0.324,71,91,0.78,13,81,94,211,126,41,21,36,119,72,480,-296,969.3,1,0,968.0,248,379,518,493,221,237,190,494,208,200,339,211,216,271,406,333,352,87,59,214,189,468,403,239,236,553,251,188,33,239,1
1641807,Norchad Omier,Norchad,1610612746,LAC,24.0,4,4,0,1.0,19.116666666666667,5,6,0.833,0,1,0.0,3,3,1.0,2,3,5,2,0,1,0,0,2,2,13,-17,25.0,0,0,22.0,539,477,1,1,552,525,543,2,504,523,504,494,508,1,511,536,532,540,551,526,515,1,20,520,525,323,538,260,33,538,1
1626181,Norman Powell,Norman,1610612748,MIA,32.0,55,28,27,0.509,1653.6366666666668,407,861,0.473,151,393,0.384,250,303,0.825,20,177,197,141,107,63,14,49,124,216,1215,72,1786.9,1,0,1858.0,238,204,359,293,130,54,54,228,45,46,135,38,39,179,358,169,217,154,91,88,249,531,419,47,47,138,89,188,33,79,1
1628384,OG Anunoby,OG,1610612752,NYK,28.0,64,42,22,0.656,2135.3883333333333,377,776,0.486,150,387,0.388,177,215,0.823,83,254,337,140,119,102,46,52,158,152,1081,385,2020.4,5,0,2004.0,151,69,287,110,51,72,71,187,48,50,124,66,71,186,94,86,91,156,77,14,67,539,512,94,62,19,74,94,33,67,1
1630167,Obi Toppin,Obi,1610612754,IND,28.0,20,3,17,0.15,345.575,75,152,0.493,28,85,0.329,33,37,0.892,11,74,85,46,22,11,1,5,26,35,211,-37,396.0,0,0,394.0,443,491,219,544,413,364,374,170,313,318,325,326,349,65,421,343,367,361,385,407,482,152,148,352,363,367,380,260,33,377,1
1630534,Ochai Agbaji,Ochai,1610612751,BKN,25.0,62,28,34,0.452,973.2033333333334,122,280,0.436,34,128,0.266,36,43,0.837,46,95,141,47,31,24,17,21,93,35,314,-62,645.7,0,0,618.0,172,204,461,352,272,299,286,354,293,260,434,314,330,148,215,311,291,357,333,314,229,353,334,352,308,418,324,260,33,321,2
1630846,Olivier Sarr,Olivier,1610612739,CLE,27.0,1,1,0,1.0,4.183333333333334,0,0,0.0,0,0,0.0,1,2,0.5,0,0,0,0,0,0,0,0,2,1,1,-7,1.0,0,0,1.0,574,539,1,1,577,569,577,569,504,537,504,530,517,516,552,568,573,566,551,550,515,1,20,536,571,281,578,260,33,577,1
1641765,Olivier-Maxence Prosper,Olivier-Maxence,1610612763,MEM,23.0,52,16,36,0.308,964.1983333333334,182,338,0.538,56,143,0.392,86,113,0.761,58,126,184,51,45,39,13,14,80,83,506,-213,914.3,1,0,901.0,266,341,482,440,273,227,255,94,217,242,108,171,167,309,163,252,237,344,274,230,263,280,308,209,227,526,261,188,33,253,1
1630209,Omer Yurtseven,Omer,1610612744,GSW,27.0,9,3,6,0.333,103.955,11,26,0.423,0,4,0.0,12,18,0.667,13,17,30,8,9,2,1,4,15,17,34,-14,82.0,0,0,78.0,492,491,87,418,488,488,490,391,504,494,504,424,418,436,406,471,453,486,453,502,482,139,104,409,484,311,489,260,33,487,1
1630168,Onyeka Okongwu,Onyeka,1610612737,ATL,25.0,71,40,31,0.563,2200.5633333333335,401,832,0.482,141,372,0.379,148,196,0.755,133,411,544,229,124,81,77,48,239,162,1091,107,2437.3,16,0,2321.0,68,87,425,221,41,56,60,197,55,58,154,88,82,323,40,14,21,77,66,47,20,525,574,86,59,111,39,29,33,37,1
1631115,Orlando Robinson,Orlando,1610612753,ORL,25.0,4,2,2,0.5,24.816666666666666,3,5,0.6,1,2,0.5,0,0,0.0,2,2,4,3,0,1,0,0,3,1,7,-11,19.3,0,0,17.0,539,512,31,301,547,541,552,48,478,513,14,548,551,548,511,547,542,528,551,526,515,1,32,536,544,299,547,260,33,546,1
1631131,Oscar Tshiebwe,Oscar,1610612762,UTA,26.0,24,2,22,0.083,367.1,67,107,0.626,0,0,0.0,20,37,0.541,62,71,133,26,15,13,3,12,32,26,154,-86,385.6,1,0,345.0,425,512,287,556,404,373,403,35,504,537,504,373,349,511,147,348,303,405,417,394,432,257,167,376,389,448,382,188,33,388,1
1642345,Oso Ighodaro,Oso,1610612756,PHX,23.0,78,43,35,0.551,1737.38,229,350,0.654,0,1,0.0,51,113,0.451,132,264,396,177,96,72,52,25,209,107,509,170,1525.7,4,0,1330.0,3,57,471,237,118,172,247,25,504,523,504,261,167,538,41,77,59,115,114,67,50,383,568,158,224,81,136,106,33,159,1
1631172,Ousmane Dieng,Ousmane,1610612749,MIL,22.0,53,32,21,0.604,963.285,148,349,0.424,59,162,0.364,26,36,0.722,26,129,155,109,55,23,16,17,71,38,381,-190,792.5,4,0,782.0,258,169,268,173,275,265,248,388,208,220,199,351,353,375,318,246,268,206,240,318,235,304,279,340,270,517,290,106,33,289,2
1629023,P.J. Washington,P.J.,1610612742,DAL,27.0,56,16,40,0.286,1735.62,296,658,0.45,76,234,0.325,125,182,0.687,84,310,394,98,94,55,60,43,119,134,793,-277,1663.8,8,0,1591.0,229,341,510,449,119,117,102,311,165,149,337,109,95,422,91,51,60,232,120,126,40,507,403,118,124,546,110,65,33,116,1
1641790,PJ Hall,PJ,1610612766,CHA,24.0,19,7,12,0.368,213.37833333333333,30,59,0.508,3,5,0.6,23,29,0.793,33,42,75,10,16,3,10,10,22,21,86,-29,214.0,1,0,200.0,450,441,159,398,448,441,452,134,445,483,8,363,372,241,278,404,379,470,410,486,293,227,135,394,440,353,433,188,33,439,2
1642359,Pacôme Dadiet,Pacôme,1610612752,NYK,20.0,27,17,10,0.63,104.77666666666667,11,35,0.314,6,25,0.24,6,6,1.0,3,19,22,10,2,3,1,1,6,4,34,10,85.4,0,0,80.0,413,324,140,144,487,488,480,542,423,414,454,465,480,1,498,464,478,470,516,486,482,54,63,499,484,208,486,260,33,485,1
1631094,Paolo Banchero,Paolo,1610612753,ORL,23.0,68,35,33,0.515,2370.035,499,1093,0.457,81,263,0.308,432,558,0.774,80,492,572,346,208,45,40,85,138,375,1511,-61,2763.4,25,2,2680.0,100,142,446,288,24,27,22,283,155,120,378,5,4,285,102,8,15,38,13,192,83,577,462,8,20,416,21,15,14,21,1
1627783,Pascal Siakam,Pascal,1610612754,IND,32.0,62,17,45,0.274,2056.6516666666666,559,1155,0.484,105,293,0.358,262,378,0.693,89,322,411,236,138,69,25,48,147,319,1485,-230,2476.2,10,0,2425.0,172,324,541,464,61,17,16,190,106,98,219,35,24,416,85,45,50,76,48,73,157,525,487,16,22,530,37,55,33,34,1
1626192,Pat Connaughton,Pat,1610612766,CHA,33.0,40,25,15,0.625,290.535,38,83,0.458,21,51,0.412,13,20,0.65,15,45,60,18,10,11,1,5,9,19,110,-33,235.0,0,0,233.0,350,229,193,147,425,422,425,276,347,366,67,421,406,456,392,395,404,435,447,407,482,152,84,402,420,358,424,260,33,422,1
1630311,Pat Spencer,Pat,1610612744,GSW,29.0,62,29,33,0.468,1116.9916666666666,172,397,0.433,54,150,0.36,43,55,0.782,47,101,148,216,78,46,5,29,70,43,441,-55,1017.6,1,0,961.0,172,195,446,340,246,241,219,364,226,231,213,289,299,269,211,299,278,84,157,187,382,420,276,322,252,405,240,188,33,240,1
1631116,Patrick Baldwin Jr.,Patrick,1610612758,SAC,23.0,9,3,6,0.333,102.47166666666666,11,27,0.407,6,14,0.429,5,7,0.714,12,11,23,5,5,3,5,0,15,5,33,-39,87.1,0,0,83.0,492,491,87,418,490,488,488,440,423,445,47,473,475,382,414,494,476,506,483,486,382,1,104,491,487,375,485,260,33,484,3
1630172,Patrick Williams,Patrick,1610612741,CHI,24.0,68,22,46,0.324,1339.9633333333334,160,434,0.369,84,247,0.34,45,66,0.682,47,145,192,90,69,41,23,28,89,58,449,-348,937.4,0,0,943.0,100,267,548,430,194,252,208,506,146,136,272,279,264,426,211,222,224,245,177,214,171,408,327,272,250,562,256,260,33,246,1
202331,Paul George,Paul,1610612755,PHI,35.0,33,20,13,0.606,1018.0483333333333,205,464,0.442,92,232,0.397,84,100,0.84,20,158,178,124,57,58,16,15,76,87,586,101,1150.6,2,0,1128.0,388,292,169,169,266,203,188,334,135,154,96,174,202,144,358,198,244,177,231,106,235,293,296,195,184,115,210,151,33,199,1
1630194,Paul Reed,Paul,1610612765,DET,26.0,61,44,17,0.721,840.9583333333334,188,313,0.601,12,37,0.324,67,103,0.65,120,152,272,74,56,54,55,23,113,76,455,124,1163.4,3,0,1031.0,189,50,219,63,302,219,266,47,385,394,338,220,192,455,58,207,142,287,234,137,44,366,379,234,245,98,206,124,33,227,1
1630202,Payton Pritchard,Payton,1610612738,BOS,28.0,76,52,24,0.684,2460.7233333333334,485,1049,0.462,200,538,0.372,119,134,0.888,65,237,302,389,104,57,10,41,112,118,1289,388,2331.9,4,0,2314.0,25,12,319,86,16,32,30,263,20,15,174,121,138,76,136,97,114,31,100,114,293,497,375,138,37,18,46,106,33,38,1
1642362,Payton Sandfort,Payton,1610612760,OKC,23.0,2,2,0,1.0,6.933333333333334,1,5,0.2,1,4,0.25,1,2,0.5,0,2,2,0,1,0,0,0,5,1,4,-11,5.4,0,0,7.0,561,512,1,1,571,554,552,560,478,494,442,530,517,516,552,547,555,566,532,550,515,1,56,536,555,299,572,260,33,563,1
1641796,Pelle Larsson,Pelle,1610612748,MIA,25.0,67,37,30,0.552,1764.09,263,526,0.5,58,180,0.322,175,221,0.792,69,168,237,227,94,48,16,33,137,215,759,97,1481.9,1,0,1409.0,112,123,410,236,114,143,156,149,211,203,346,67,68,244,124,187,174,79,120,175,235,449,460,48,134,117,146,188,33,146,1
1631250,Pete Nance,Pete,1610612749,MIL,26.0,45,14,31,0.311,692.6766666666666,97,182,0.533,49,112,0.438,3,9,0.333,25,96,121,42,25,12,13,6,56,12,246,-44,504.2,1,0,508.0,316,368,425,439,340,331,353,101,245,281,37,494,456,544,326,309,320,367,369,402,263,173,235,439,341,385,353,188,33,352,1
1631212,Peyton Watson,Peyton,1610612743,DEN,23.0,54,36,18,0.667,1597.7583333333334,285,581,0.491,81,197,0.411,138,189,0.73,49,215,264,111,93,50,61,32,136,142,789,196,1512.3,2,0,1467.0,248,129,233,93,140,128,132,175,155,191,70,93,90,364,199,123,150,201,123,161,37,442,454,108,126,68,139,151,33,137,1
1630173,Precious Achiuwa,Precious,1610612758,SAC,26.0,70,19,51,0.271,1651.065,298,554,0.538,27,88,0.307,68,124,0.548,170,299,469,89,60,63,47,39,121,99,691,-261,1657.3,11,0,1496.0,80,306,564,467,131,115,147,97,318,313,382,217,151,510,20,57,36,252,213,88,62,487,409,173,153,539,112,50,33,131,1
1629656,Quentin Grimes,Quentin,1610612755,PHI,25.0,71,40,31,0.563,2111.923333333333,323,714,0.452,121,365,0.332,190,227,0.837,45,218,263,238,129,62,28,28,145,191,957,5,1770.6,2,0,1759.0,68,87,425,221,54,101,89,301,75,61,317,56,64,150,220,120,151,74,56,91,137,408,483,60,84,223,91,151,33,86,1
1631245,Quenton Jackson,Quenton,1610612754,IND,27.0,45,9,36,0.2,789.725,134,280,0.479,39,104,0.375,83,102,0.814,26,77,103,115,56,26,6,24,71,112,390,-58,726.1,1,0,711.0,316,418,482,518,319,278,286,212,276,292,162,179,195,205,318,339,341,193,234,301,368,377,279,153,266,409,304,188,33,304,1
1642366,Quinten Post,Quinten,1610612744,GSW,26.0,67,32,35,0.478,1159.1983333333333,193,439,0.44,93,277,0.336,34,43,0.791,68,201,269,94,56,26,35,17,125,50,513,60,1103.8,0,0,1091.0,112,169,471,331,236,212,207,339,130,112,287,322,330,246,129,141,145,236,234,301,101,304,422,304,220,143,217,260,33,212,1
1629628,RJ Barrett,RJ,1610612761,TOR,25.0,54,31,23,0.574,1630.875,379,770,0.492,93,270,0.344,183,257,0.712,49,234,283,182,96,40,18,68,138,189,1034,116,1724.6,0,0,1708.0,248,174,303,210,134,69,75,172,130,116,263,61,50,386,199,101,128,110,114,221,218,563,462,63,71,103,99,260,33,96,1
1642853,Rasheer Fleming,Rasheer,1610612756,PHX,21.0,51,27,24,0.529,596.5266666666666,79,194,0.407,40,116,0.345,18,32,0.563,56,59,115,12,21,19,19,6,59,25,216,88,465.0,0,0,459.0,276,213,319,275,354,358,348,443,272,276,260,386,362,501,168,368,325,460,390,349,209,173,243,381,362,125,365,260,33,361,1
1642484,RayJ Dennis,RayJ,1610612737,ATL,25.0,16,3,13,0.188,179.61666666666667,22,73,0.301,12,39,0.308,8,9,0.889,8,15,23,30,15,4,4,2,17,8,64,-38,145.6,0,0,145.0,458,491,169,530,466,457,437,546,385,387,379,445,456,72,441,477,476,396,417,472,403,85,112,464,457,371,460,260,33,459,3
1641712,Rayan Rupert,Rayan,1610612763,MEM,21.0,62,29,33,0.468,990.9616666666667,108,273,0.396,41,120,0.342,38,50,0.76,42,122,164,59,46,50,7,25,116,38,295,-250,705.3,1,1,673.0,172,195,446,340,271,316,290,473,270,270,269,304,312,311,233,259,261,320,271,161,347,383,389,340,318,536,311,188,21,313,2
1642263,Reed Sheppard,Reed,1610612745,HOU,21.0,78,49,29,0.628,2063.1016666666665,388,900,0.431,217,547,0.397,68,84,0.81,27,199,226,269,121,118,53,34,161,66,1061,278,2127.7,2,0,2115.0,3,28,394,146,59,62,49,370,9,13,95,217,231,212,313,145,183,62,73,7,49,455,517,254,65,44,61,151,33,58,1
1642434,Riley Minix,Riley,1610612739,CLE,25.0,6,5,1,0.833,23.633333333333333,8,12,0.667,3,6,0.5,0,0,0.0,2,3,5,4,2,1,0,0,3,0,19,4,32.0,0,0,33.0,514,466,9,13,548,507,528,15,445,477,14,548,551,548,511,536,532,512,516,526,515,1,32,561,514,232,530,260,33,526,2
1642265,Rob Dillingham,Rob,1610612741,CHI,21.0,61,27,34,0.443,858.3033333333333,137,358,0.383,34,111,0.306,32,43,0.744,17,93,110,132,83,41,5,33,103,47,340,-141,725.0,0,0,708.0,189,213,461,360,299,272,239,488,293,287,386,330,330,344,374,312,333,164,143,214,382,449,360,313,291,493,305,260,33,306,2
1629057,Robert Williams III,Robert,1610612757,POR,28.0,55,28,27,0.509,932.3033333333333,166,232,0.716,7,21,0.333,29,47,0.617,131,251,382,55,45,32,85,11,68,37,368,52,1214.9,4,0,1046.0,238,204,359,293,283,247,322,9,415,420,291,343,321,479,43,89,65,334,274,266,16,241,271,343,277,148,193,106,33,223,1
1642911,Rocco Zikarsky,Rocco,1610612750,MIN,19.0,4,0,4,0.0,16.25,3,5,0.6,0,0,0.0,0,0,0.0,2,3,5,0,0,0,3,0,1,0,6,0,21.0,0,0,17.0,539,558,61,558,555,541,552,48,504,537,504,548,551,548,511,536,532,566,551,550,432,1,5,561,549,251,545,260,33,546,1
1631199,Ron Harper Jr.,Ron,1610612738,BOS,25.0,27,20,7,0.741,268.87666666666667,33,83,0.398,22,64,0.344,1,2,0.5,14,27,41,17,5,6,9,1,20,6,89,19,203.7,0,0,199.0,413,292,103,53,433,431,425,465,340,347,264,530,517,516,399,442,438,438,483,452,307,54,127,482,436,190,441,260,33,440,1
1641842,Ronald Holland II,Ronald,1610612765,DET,20.0,74,53,21,0.716,1468.235,221,513,0.431,42,182,0.231,117,146,0.801,81,221,302,90,92,88,24,45,169,144,601,113,1342.4,2,0,1259.0,38,10,268,70,156,182,163,371,263,200,460,125,127,225,98,117,114,245,129,29,162,515,529,106,180,106,164,151,33,173,1
1626220,Royce O'Neale,Royce,1610612756,PHX,32.0,75,42,33,0.56,2150.7,253,604,0.419,205,503,0.408,26,36,0.722,56,303,359,204,102,81,30,7,172,53,737,-89,1704.8,2,0,1727.0,31,69,446,224,48,149,127,410,16,23,82,351,353,375,168,54,76,92,106,47,127,189,535,292,140,456,102,151,33,90,1
203497,Rudy Gobert,Rudy,1610612750,MIN,33.0,75,45,30,0.6,2346.6783333333333,333,486,0.685,0,5,0.0,158,301,0.525,297,563,860,125,104,57,122,39,196,303,824,226,2476.5,33,0,2167.0,31,45,410,174,25,90,179,12,504,483,504,79,40,514,2,5,1,175,100,114,4,487,563,21,116,56,36,8,33,52,1
1629060,Rui Hachimura,Rui,1610612747,LAL,28.0,64,44,20,0.688,1811.6066666666666,283,555,0.51,108,249,0.434,44,60,0.733,38,169,207,51,38,35,20,23,100,39,718,38,1169.9,0,0,1194.0,151,50,262,83,101,130,144,132,99,134,41,284,285,358,250,185,202,344,307,249,202,366,350,334,149,160,205,260,33,184,1
201566,Russell Westbrook,Russell,1610612758,SAC,37.0,64,16,48,0.25,1852.57,358,839,0.427,128,379,0.338,127,183,0.694,80,268,348,426,209,83,12,42,147,141,971,-456,2103.6,16,6,2063.0,151,341,552,480,92,83,58,376,67,53,280,107,93,415,102,75,84,18,12,41,271,501,487,110,82,573,62,29,5,65,1
1642346,Ryan Dunn,Ryan,1610612756,PHX,23.0,66,38,28,0.576,1276.4733333333334,156,345,0.452,54,161,0.335,20,42,0.476,97,181,278,94,52,58,27,22,129,31,386,13,1063.6,1,0,982.0,129,110,374,206,207,258,252,303,226,221,290,373,337,537,75,164,134,236,254,106,141,358,437,361,269,202,225,188,33,235,1
1641750,Ryan Kalkbrenner,Ryan,1610612766,CHA,24.0,66,38,28,0.576,1420.61,212,284,0.746,0,5,0.0,80,113,0.708,161,204,365,51,59,31,98,27,104,92,504,38,1346.5,3,0,1178.0,129,110,374,206,175,193,284,7,504,483,504,184,167,396,23,135,72,344,219,270,11,402,362,187,228,160,163,124,33,188,1
1642948,Ryan Nembhard,Ryan,1610612742,DAL,23.0,56,19,37,0.339,1045.4633333333334,141,345,0.409,46,126,0.365,20,26,0.769,11,101,112,272,80,21,2,11,74,39,348,-50,879.4,3,0,824.0,229,306,493,417,261,270,252,438,255,262,197,373,382,296,421,299,330,61,153,329,455,241,287,334,287,398,270,124,33,275,1
1631157,Ryan Rollins,Ryan,1610612749,MIL,23.0,73,29,44,0.397,2342.6666666666665,478,1011,0.473,183,447,0.409,119,151,0.788,53,283,336,408,198,108,30,71,191,151,1258,-165,2489.2,6,0,2461.0,48,195,538,387,26,35,34,227,26,33,76,121,118,249,184,66,92,23,15,10,127,568,561,95,42,505,33,83,33,33,1
1630180,Saddiq Bey,Saddiq,1610612740,NOP,26.0,72,24,48,0.333,2245.575,436,967,0.451,151,412,0.367,248,295,0.841,121,279,400,182,68,68,7,52,95,177,1271,-187,2181.0,7,0,2154.0,64,241,552,418,33,46,42,308,45,40,192,39,44,143,56,69,57,110,180,75,347,539,341,77,40,512,56,68,33,54,1
1630573,Sam Hauser,Sam,1610612738,BOS,28.0,75,52,23,0.693,1858.6333333333334,240,574,0.418,187,481,0.389,17,20,0.85,54,233,287,104,35,38,23,8,109,33,684,343,1332.4,0,0,1384.0,31,12,303,81,91,160,136,415,25,28,118,391,406,129,180,102,126,216,318,238,171,204,370,357,155,29,167,260,33,152,1
1630241,Sam Merrill,Sam,1610612739,CLE,29.0,50,35,15,0.7,1321.9066666666668,214,465,0.46,152,361,0.421,56,65,0.862,28,103,131,120,42,29,7,9,122,87,636,247,1039.2,1,0,1111.0,284,142,193,77,199,189,187,271,43,63,55,243,268,115,305,294,306,185,283,283,347,212,411,195,167,50,232,188,33,206,1
1630572,Sandro Mamukelashvili,Sandro,1610612761,TOR,26.0,76,41,35,0.539,1667.32,315,602,0.523,108,280,0.386,113,150,0.753,104,271,375,143,62,61,41,34,144,103,851,126,1759.5,3,0,1681.0,25,77,471,256,129,107,128,108,99,111,129,129,119,326,69,72,68,153,204,93,79,455,481,168,107,96,93,124,33,100,1
1630583,Santi Aldama,Santi,1610612763,MEM,25.0,43,19,24,0.442,1198.0783333333334,228,476,0.479,70,200,0.35,76,114,0.667,67,220,287,126,55,37,31,11,69,93,602,-48,1284.4,5,0,1221.0,326,306,319,361,225,173,186,209,186,189,245,196,164,436,130,119,126,173,240,241,123,241,273,186,179,394,178,94,33,178,1
1630703,Scoot Henderson,Scoot,1610612757,POR,22.0,26,16,10,0.615,615.96,121,290,0.417,47,135,0.348,76,91,0.835,16,55,71,100,66,19,7,14,75,77,365,51,612.2,0,0,635.0,417,341,140,160,348,300,280,417,248,250,253,196,216,152,381,382,387,227,188,349,347,280,288,230,278,150,332,260,33,318,1
1630567,Scottie Barnes,Scottie,1610612761,TOR,24.0,76,42,34,0.553,2559.7166666666667,541,1077,0.502,64,219,0.292,231,284,0.813,145,427,572,450,206,112,112,47,207,254,1377,230,3204.4,29,2,2911.0,25,69,461,234,9,18,28,147,194,173,416,44,46,209,30,13,15,11,14,8,7,522,565,36,31,55,7,12,14,11,1
1630590,Scotty Pippen Jr.,Scotty,1610612763,MEM,25.0,10,2,8,0.2,211.86666666666667,43,96,0.448,10,32,0.313,18,23,0.783,8,14,22,47,27,19,4,6,31,29,114,-50,252.9,0,0,239.0,489,512,114,518,449,410,414,318,396,403,370,386,394,266,441,482,478,357,356,349,403,173,164,369,415,398,417,260,33,420,1
1642951,Sean Pedulla,Sean,1610612746,LAC,23.0,5,3,2,0.6,26.45,5,13,0.385,3,9,0.333,0,0,0.0,0,2,2,4,0,0,0,0,3,0,13,-14,21.4,0,0,22.0,526,491,31,174,541,525,522,485,445,462,291,548,551,548,552,547,555,512,551,550,515,1,32,561,525,311,543,260,33,538,1
203552,Seth Curry,Seth,1610612744,GSW,35.0,7,0,7,0.0,81.24333333333334,16,29,0.552,7,15,0.467,6,6,1.0,3,6,9,7,1,3,0,1,4,7,45,-2,74.3,0,0,74.0,506,558,103,558,497,471,484,83,415,442,24,465,480,1,498,512,510,492,532,486,515,54,48,472,472,260,494,260,33,490,1
1631101,Shaedon Sharpe,Shaedon,1610612757,POR,22.0,48,22,26,0.458,1439.0783333333334,386,847,0.456,101,297,0.34,152,194,0.784,48,164,212,126,144,68,6,55,95,163,1025,-59,1546.4,0,0,1612.0,298,267,345,350,170,64,57,288,113,93,273,84,85,264,205,190,198,173,44,75,368,546,341,85,73,412,133,260,33,110,1
1628983,Shai Gilgeous-Alexander,Shai,1610612760,OKC,27.0,66,54,12,0.818,2200.6283333333336,712,1289,0.552,111,290,0.383,537,610,0.88,37,253,290,429,145,92,51,55,136,410,2072,746,3347.5,7,0,3188.0,129,6,159,21,40,2,8,82,93,101,143,1,2,82,259,88,122,15,43,25,53,546,454,5,2,1,4,68,33,3,1
1630536,Sharife Cooper,Sharife,1610612764,WAS,24.0,37,6,31,0.162,609.9483333333334,104,213,0.488,23,65,0.354,45,55,0.818,15,65,80,103,51,12,4,23,57,56,276,-139,523.5,0,0,514.0,366,455,425,541,352,324,331,181,336,344,234,279,299,196,392,360,373,219,257,402,403,366,237,279,327,491,347,260,33,350,1
1631321,Sidy Cissoko,Sidy,1610612757,POR,22.0,71,37,34,0.521,1413.9133333333334,132,331,0.399,59,196,0.301,56,86,0.651,61,104,165,109,70,51,25,27,179,125,379,-48,898.5,0,0,864.0,68,123,461,284,177,282,257,460,208,193,396,243,226,454,152,291,258,206,173,154,157,402,545,130,271,394,267,260,33,264,1
1631323,Simone Fontecchio,Simone,1610612748,MIA,30.0,69,35,34,0.507,1145.77,186,461,0.403,117,320,0.366,84,100,0.84,55,152,207,99,48,36,9,20,102,58,573,88,1056.9,0,0,1086.0,86,142,461,298,238,223,193,454,84,86,196,174,202,144,174,207,202,230,265,245,307,340,357,272,191,125,228,260,33,214,1
1642883,Sion James,Sion,1610612766,CHA,23.0,79,43,36,0.544,1786.1083333333333,133,353,0.377,81,224,0.362,82,97,0.845,48,226,274,159,61,48,20,27,145,96,429,71,1139.3,0,0,1079.0,1,57,482,250,105,280,243,495,155,162,208,181,206,136,205,111,137,130,210,175,202,402,483,181,256,139,213,260,33,217,1
1627746,Skal Labissiere,Skal,1610612764,WAS,30.0,3,2,1,0.667,37.55,6,10,0.6,1,5,0.2,0,0,0.0,3,6,9,3,1,2,1,0,3,0,13,2,36.3,0,0,32.0,551,512,9,93,532,518,531,48,478,483,470,548,551,548,498,512,510,528,532,502,482,1,32,561,525,240,524,260,33,528,1
1642461,Spencer Jones,Spencer,1610612743,DEN,24.0,64,41,23,0.641,1416.79,132,262,0.504,57,144,0.396,31,51,0.608,75,134,209,51,31,52,29,16,175,49,352,1,891.3,1,0,831.0,151,77,303,132,176,282,297,144,214,240,99,340,306,486,110,241,201,344,333,148,131,297,539,306,285,247,268,188,33,271,1
1630649,Stanley Umude,Stanley,1610612759,SAS,26.0,2,2,0,1.0,6.566666666666666,1,2,0.5,0,1,0.0,0,0,0.0,0,0,0,1,0,1,0,0,2,0,2,-17,6.5,0,0,5.0,561,512,1,1,573,554,569,149,504,523,504,548,551,548,552,568,573,551,551,526,515,1,20,561,563,323,566,260,33,570,1
201939,Stephen Curry,Stephen,1610612744,GSW,38.0,40,23,17,0.575,1247.8116666666667,359,765,0.469,180,458,0.393,192,207,0.928,16,124,140,193,112,45,16,25,75,189,1090,74,1618.5,3,0,1725.0,350,253,219,209,217,82,76,244,28,31,106,55,77,44,381,254,293,101,87,192,235,383,288,63,60,135,120,124,33,93,1
1642264,Stephon Castle,Stephon,1610612759,SAS,21.0,66,50,16,0.758,1977.6716666666666,376,794,0.474,78,239,0.326,274,374,0.733,95,246,341,480,213,75,19,66,215,294,1104,410,2302.2,16,4,2191.0,129,19,206,41,70,73,69,224,162,144,333,30,26,360,77,92,88,9,11,59,209,561,569,23,58,16,49,29,6,50,1
203500,Steven Adams,Steven,1610612745,HOU,32.0,32,21,11,0.656,730.365,70,139,0.504,0,0,0.0,47,81,0.58,145,131,276,48,35,22,20,9,55,70,187,194,681.2,3,0,595.0,394,278,151,110,332,369,383,145,504,537,504,274,234,496,30,242,135,355,318,325,202,212,230,246,370,71,317,124,33,330,1
1629004,Svi Mykhailiuk,Svi,1610612762,UTA,28.0,50,14,36,0.28,1155.6116666666667,173,362,0.478,98,240,0.408,25,28,0.893,36,88,124,93,42,26,3,14,63,30,469,-77,802.3,0,0,842.0,284,368,482,459,237,240,238,213,119,141,80,356,376,63,263,325,316,240,283,301,432,280,251,365,239,434,284,260,33,269,1
204456,T.J. McConnell,T.J.,1610612754,IND,34.0,56,15,41,0.268,962.505,242,450,0.538,16,50,0.32,25,29,0.862,22,102,124,287,64,56,10,23,62,59,525,-134,1238.3,1,0,1084.0,229,357,518,473,276,159,201,98,366,367,353,356,372,114,346,298,316,53,196,120,293,366,247,271,213,486,187,188,33,216,1
1643007,Taelon Peter,Taelon,1610612754,IND,24.0,34,5,29,0.147,412.2966666666667,51,134,0.381,37,109,0.339,7,13,0.538,6,42,48,34,21,20,4,3,33,12,146,-101,305.6,0,0,313.0,384,466,394,545,393,398,387,492,285,289,276,454,435,512,465,404,428,388,390,336,403,119,171,439,395,462,404,260,33,397,1
201959,Taj Gibson,Taj,1610612763,MEM,40.0,8,1,7,0.125,72.79,10,19,0.526,3,6,0.5,5,6,0.833,8,13,21,5,1,2,1,3,10,6,28,-1,68.7,0,0,63.0,503,539,103,550,505,493,506,106,445,477,14,473,480,154,441,485,482,506,532,502,482,119,89,482,496,256,500,260,33,500,1
1631106,Tari Eason,Tari,1610612745,HOU,24.0,56,35,21,0.625,1443.32,223,543,0.411,89,245,0.363,45,60,0.75,116,236,352,83,76,66,27,41,130,55,580,125,1329.9,6,0,1290.0,229,142,268,147,167,177,153,433,137,138,203,279,285,328,59,99,81,268,160,80,141,497,441,283,189,97,169,83,33,168,1
1627752,Taurean Prince,Taurean,1610612749,MIL,32.0,22,9,13,0.409,479.9166666666667,64,139,0.46,43,99,0.434,5,5,1.0,3,50,53,33,23,14,4,3,44,11,176,-33,320.1,0,0,341.0,429,418,169,376,376,379,383,268,260,298,39,473,492,1,498,388,414,389,380,386,403,119,202,447,380,358,398,260,33,389,1
1641707,Taylor Hendricks,Taylor,1610612763,MEM,22.0,58,12,46,0.207,1096.565,157,347,0.452,61,181,0.337,47,70,0.671,63,152,215,54,49,49,29,23,96,58,422,-271,946.0,2,0,908.0,215,389,548,516,250,257,250,300,202,202,283,274,256,435,144,207,194,338,263,167,131,366,344,272,259,543,255,151,33,251,2
1629611,Terance Mann,Terance,1610612751,BKN,29.0,63,15,48,0.238,1529.0166666666667,168,368,0.457,56,154,0.364,63,80,0.788,70,130,200,190,71,41,15,22,155,79,455,-267,1077.0,0,0,1013.0,166,357,552,494,148,243,234,284,217,225,201,229,238,251,121,243,208,106,169,214,244,358,506,221,245,541,223,260,33,231,1
1630545,Terrence Shannon Jr.,Terrence,1610612750,MIN,25.0,39,21,18,0.538,440.85833333333335,51,124,0.411,21,55,0.382,34,44,0.773,9,33,42,27,18,13,1,11,44,37,157,-88,271.9,0,0,275.0,356,278,233,257,384,398,390,432,347,360,146,322,326,288,436,429,435,401,403,394,482,241,202,343,388,453,410,260,33,406,1
203648,Thanasis Antetokounmpo,Thanasis,1610612749,MIL,33.0,32,9,23,0.281,116.69166666666666,12,25,0.48,0,3,0.0,15,26,0.577,10,18,28,9,9,12,5,2,14,16,39,5,128.1,0,0,110.0,394,418,303,457,483,483,493,206,504,503,504,403,382,497,428,468,457,480,453,402,382,85,101,415,480,223,470,260,33,472,1
1628418,Thomas Bryant,Thomas,1610612739,CLE,28.0,60,37,23,0.617,731.8166666666667,135,267,0.506,47,131,0.359,53,66,0.803,59,146,205,33,28,18,26,11,75,65,370,39,769.5,1,0,743.0,199,123,303,159,331,275,294,141,248,254,217,253,264,221,160,220,206,389,352,355,150,241,288,258,275,157,298,188,33,298,1
1642275,Tidjane Salaün,Tidjane,1610612766,CHA,20.0,36,18,18,0.5,571.08,80,158,0.506,36,83,0.434,26,40,0.65,26,123,149,27,25,16,7,9,54,35,222,3,485.3,1,0,480.0,372,315,233,301,359,356,367,138,288,323,41,351,339,456,318,256,277,401,369,365,347,212,225,352,356,237,361,188,33,356,1
203501,Tim Hardaway Jr.,Tim,1610612743,DEN,34.0,77,49,28,0.636,2057.016666666667,338,750,0.451,217,528,0.411,157,193,0.813,16,184,200,102,42,40,9,17,94,145,1050,206,1548.0,0,0,1667.0,22,28,374,136,60,87,80,309,9,16,71,81,87,208,381,161,208,221,283,221,307,304,337,105,69,63,132,260,33,103,1
202699,Tobias Harris,Tobias,1610612765,DET,33.0,60,43,17,0.717,1675.585,294,634,0.464,75,215,0.349,131,150,0.873,50,258,308,153,60,54,25,33,102,102,794,327,1570.1,3,0,1488.0,199,57,219,68,128,118,114,258,166,177,249,104,119,93,194,81,109,138,213,137,157,449,357,171,123,33,127,124,33,132,1
1643253,Toby Okani,Toby,1610612763,MEM,24.0,2,0,2,0.0,69.55,7,20,0.35,2,7,0.286,0,2,0.0,5,5,10,0,1,2,1,2,7,2,16,-25,36.0,0,0,34.0,561,558,31,558,508,514,501,515,462,472,419,548,517,548,473,519,505,566,532,502,482,85,77,520,521,346,525,260,33,523,1
1642449,Tolu Smith,Tolu,1610612765,DET,25.0,12,9,3,0.75,117.58666666666667,14,28,0.5,0,0,0.0,15,22,0.682,19,24,43,11,7,2,6,4,19,16,43,-2,128.1,0,0,113.0,473,418,51,46,482,477,487,149,504,537,504,403,400,426,364,449,434,467,468,502,368,139,120,415,474,260,470,260,33,470,1
1628396,Tony Bradley,Tony,1610612754,IND,28.0,38,9,29,0.237,416.27,59,106,0.557,1,2,0.5,32,43,0.744,56,51,107,20,17,6,7,13,60,35,151,-106,331.4,0,0,305.0,361,418,394,496,391,385,404,77,478,513,14,330,330,344,168,387,336,425,406,452,347,269,245,352,392,465,395,260,33,402,1
1641787,Tosan Evbuomwan,Tosan,1610612766,CHA,25.0,5,4,1,0.8,7.713333333333333,0,1,0.0,0,0,0.0,0,0,0.0,1,1,2,0,0,0,0,0,1,0,0,-8,2.4,0,0,2.0,526,477,9,25,569,569,574,569,504,537,504,548,551,548,530,558,555,566,551,550,515,1,5,561,573,288,575,260,33,574,1
1641739,Toumani Camara,Toumani,1610612757,POR,25.0,78,40,38,0.513,2589.943333333333,367,836,0.439,203,555,0.366,95,135,0.704,124,283,407,190,141,89,33,42,225,213,1032,20,2030.4,3,0,2076.0,3,87,499,289,6,79,59,342,17,12,195,154,137,404,54,66,54,106,47,27,110,501,571,51,72,186,71,124,33,64,1
1629027,Trae Young,Trae,1610612764,WAS,27.0,15,2,13,0.133,383.75333333333333,81,177,0.458,27,80,0.338,80,97,0.825,4,26,30,120,39,13,2,2,33,83,269,-66,491.0,3,0,476.0,460,512,169,549,400,354,358,277,318,327,282,184,206,182,485,443,453,185,302,394,455,85,171,209,332,424,358,124,33,358,2
1631218,Trayce Jackson-Davis,Trayce,1610612761,TOR,26.0,51,27,24,0.529,487.9533333333333,69,121,0.57,1,1,1.0,38,74,0.514,65,76,141,39,23,17,23,20,43,51,177,-82,501.7,1,0,438.0,276,213,319,275,375,372,392,73,478,523,1,304,250,515,136,340,291,373,380,359,171,340,199,300,379,440,354,188,33,365,2
1642848,Tre Johnson,Tre,1610612764,WAS,20.0,60,12,48,0.2,1442.8166666666666,271,647,0.419,115,321,0.358,76,87,0.874,29,141,170,122,93,33,18,10,122,74,733,-338,1180.0,0,0,1242.0,199,389,552,518,168,138,108,411,88,85,220,196,224,91,303,231,252,181,123,262,218,227,411,238,142,560,201,260,33,176,1
1630200,Tre Jones,Tre,1610612741,CHI,26.0,61,25,36,0.41,1650.2566666666667,313,565,0.554,38,119,0.319,170,206,0.825,35,154,189,332,88,73,11,45,87,171,834,-154,1722.8,5,0,1561.0,189,229,482,375,132,108,140,80,280,271,357,71,79,177,268,205,228,39,133,63,281,515,323,80,112,501,101,94,33,125,1
1630544,Tre Mann,Tre,1610612766,CHA,25.0,51,29,22,0.569,660.6583333333333,108,298,0.362,50,153,0.327,23,27,0.852,20,72,92,86,53,25,5,7,69,24,289,-147,565.4,0,0,577.0,276,195,287,215,343,316,273,512,239,226,331,363,380,125,358,346,355,257,249,308,382,189,273,384,322,498,340,260,33,336,1
1630570,Trendon Watford,Trendon,1610612755,PHI,25.0,52,26,26,0.5,857.15,137,267,0.513,10,50,0.2,60,77,0.779,38,136,174,131,63,16,21,27,105,79,344,-141,797.3,1,1,733.0,266,221,345,301,300,272,294,126,396,367,470,234,244,274,250,237,247,165,198,365,189,402,364,221,289,493,287,188,21,299,1
1642280,Trentyn Flowers,Trentyn,1610612741,CHI,21.0,2,0,2,0.0,5.55,2,3,0.667,0,1,0.0,0,0,0.0,1,0,1,1,1,0,0,0,1,0,4,-2,5.7,0,0,6.0,561,558,31,558,575,548,563,15,504,523,504,548,551,548,530,568,563,551,532,550,515,1,5,561,555,260,571,260,33,569,1
1630286,Trevon Scott,Trevon,1610612751,BKN,29.0,2,1,1,0.5,35.81666666666667,4,8,0.5,1,3,0.333,1,1,1.0,3,7,10,4,0,1,2,0,3,2,10,-8,37.0,0,0,31.0,561,539,9,301,533,530,538,149,478,503,291,530,544,1,498,508,505,512,551,526,455,1,32,520,532,288,523,260,33,529,1
1631211,Trevor Keels,Trevor,1610612748,MIA,22.0,4,4,0,1.0,4.863333333333333,0,4,0.0,0,3,0.0,0,0,0.0,0,2,2,0,0,0,0,0,0,0,0,-13,2.4,0,0,2.0,539,477,1,1,576,569,557,569,504,503,504,548,551,548,552,547,555,566,551,550,515,1,1,561,573,307,575,260,33,574,1
1641725,Trey Alexander,Trey,1610612740,NOP,22.0,6,1,5,0.167,52.89333333333333,8,13,0.615,3,4,0.75,0,0,0.0,0,6,6,5,2,2,1,0,6,1,19,-4,40.7,0,0,39.0,514,539,77,536,524,507,522,41,445,494,5,548,551,548,552,512,525,506,516,502,482,1,63,536,514,270,522,260,33,519,1
1641998,Trey Jemison III,Trey,1610612752,NYK,26.0,11,9,2,0.818,60.98833333333334,4,7,0.571,0,0,0.0,1,1,1.0,8,8,16,3,6,1,2,0,9,3,9,-15,35.7,0,0,34.0,480,418,31,21,517,530,539,65,504,537,504,530,544,1,441,505,495,528,477,526,455,1,84,506,539,315,526,260,33,523,1
1630530,Trey Murphy III,Trey,1610612740,NOP,25.0,66,21,45,0.318,2340.6383333333333,494,1050,0.47,214,565,0.379,218,246,0.886,63,314,377,250,120,99,24,24,138,194,1420,-169,2496.4,4,0,2507.0,129,278,541,433,27,30,29,239,11,9,155,47,52,77,144,50,67,71,76,19,162,377,462,59,27,506,32,106,33,30,1
1642400,Tristan Enaruna,Tristan,1610612739,CLE,24.0,6,6,0,1.0,34.166666666666664,6,16,0.375,1,5,0.2,0,1,0.0,5,4,9,3,2,1,0,2,1,2,13,8,29.3,0,0,28.0,514,455,1,1,536,518,515,497,478,483,470,548,544,548,473,526,510,528,516,526,515,85,5,520,525,211,534,260,33,532,1
1641774,Tristan Vukcevic,Tristan,1610612764,WAS,23.0,49,8,41,0.163,670.98,152,317,0.479,50,144,0.347,87,111,0.784,32,115,147,55,62,23,33,14,82,82,441,-226,805.9,1,0,805.0,291,433,518,540,341,261,263,207,239,240,255,167,175,262,287,269,281,334,204,318,110,280,313,212,252,529,283,188,33,279,1
1641783,Tristan da Silva,Tristan,1610612753,ORL,24.0,73,40,33,0.548,1801.5733333333333,265,591,0.448,117,307,0.381,81,91,0.89,56,213,269,113,63,66,24,22,113,77,728,55,1427.3,0,0,1407.0,48,87,446,244,102,142,130,316,84,91,149,182,216,70,168,124,145,197,198,80,162,358,379,230,143,146,153,260,33,148,1
1629660,Ty Jerome,Ty,1610612763,MEM,28.0,15,3,12,0.2,338.68833333333333,102,215,0.474,42,100,0.42,49,56,0.875,11,31,42,85,27,16,4,8,31,40,295,-45,505.9,0,0,504.0,460,491,159,518,416,329,329,220,263,294,57,265,295,88,421,434,435,262,356,365,403,204,164,329,318,387,352,260,33,353,1
1631102,TyTy Washington Jr.,TyTy,1610612746,LAC,24.0,13,7,6,0.538,77.045,9,19,0.474,3,8,0.375,0,0,0.0,1,4,5,15,3,4,2,1,6,1,21,-38,64.5,0,0,56.0,469,441,87,257,499,500,506,221,445,466,162,548,551,548,530,526,532,449,503,472,455,54,63,536,508,371,504,260,33,505,1
1631174,Tyler Burton,Tyler,1610612763,MEM,26.0,12,2,10,0.167,306.74333333333334,42,112,0.375,22,66,0.333,23,27,0.852,8,42,50,12,11,11,4,7,31,21,129,-145,241.0,0,0,243.0,473,512,140,536,421,415,399,497,340,342,291,363,380,125,441,404,422,460,439,407,403,189,164,394,406,496,421,260,33,415,1
1629639,Tyler Herro,Tyler,1610612748,MIA,26.0,30,13,17,0.433,952.1033333333334,234,486,0.481,79,207,0.382,96,104,0.923,14,125,139,118,59,22,12,20,54,80,643,-34,1029.8,0,0,1047.0,400,379,219,365,277,166,179,201,161,184,147,152,189,45,399,253,297,190,219,325,271,340,225,218,165,364,236,260,33,221,1
1642278,Tyler Kolek,Tyler,1610612752,NYK,25.0,62,39,23,0.629,727.1616666666666,108,248,0.435,44,114,0.386,14,20,0.7,16,82,98,170,55,22,4,16,65,34,274,106,669.6,2,0,638.0,172,100,303,145,334,316,311,357,258,278,127,411,406,405,381,331,350,120,240,325,403,297,255,356,330,112,318,151,33,317,1
1641890,Tyler Smith,Tyler,1610612742,DAL,21.0,8,1,7,0.125,76.86666666666666,8,25,0.32,3,16,0.188,2,4,0.5,8,14,22,2,3,2,0,1,6,2,21,-8,53.4,0,0,52.0,503,539,103,550,500,507,493,540,445,438,480,504,497,516,441,482,478,540,503,502,515,54,63,520,508,288,506,260,33,507,1
1631213,Tyrese Martin,Tyrese,1610612755,PHI,27.0,45,11,34,0.244,775.1266666666667,109,277,0.394,53,165,0.321,19,28,0.679,34,82,116,78,40,25,6,8,33,24,290,-178,599.2,0,0,599.0,316,402,461,492,322,315,288,477,229,219,351,379,376,429,274,331,324,275,297,308,368,204,171,384,320,509,334,260,33,326,2
1630178,Tyrese Maxey,Tyrese,1610612755,PHI,25.0,66,36,30,0.545,2522.701666666667,660,1424,0.463,211,570,0.37,357,401,0.89,19,255,274,442,161,127,55,66,143,271,1888,115,3264.8,7,0,3179.0,129,129,410,247,11,6,3,259,13,8,178,15,20,69,364,83,137,12,32,4,44,561,480,31,6,104,6,68,33,5,1
1642878,Tyrese Proctor,Tyrese,1610612739,CLE,22.0,47,31,16,0.66,476.4033333333333,77,193,0.399,39,115,0.339,32,36,0.889,10,40,50,61,29,20,0,9,55,30,225,-28,407.5,0,0,415.0,307,174,206,108,377,361,349,459,276,277,278,330,353,72,428,412,422,317,346,336,515,212,230,365,355,349,377,260,33,370,1
1630623,Tyson Etienne,Tyson,1610612751,BKN,26.0,20,4,16,0.2,243.21666666666667,37,87,0.425,31,72,0.431,18,20,0.9,2,10,12,27,11,9,0,2,33,14,123,-26,193.9,0,0,211.0,443,477,206,518,439,424,423,382,300,333,44,386,406,50,511,495,501,401,439,426,515,85,171,430,409,348,444,260,33,431,1
1626145,Tyus Jones,Tyus,1610612743,DEN,29.0,65,35,30,0.538,934.4783333333334,71,205,0.346,36,130,0.277,7,9,0.778,10,57,67,152,22,37,3,8,30,15,185,-121,591.4,0,0,520.0,143,142,410,257,281,366,338,518,288,256,425,454,456,277,428,377,390,141,385,241,432,204,161,423,371,477,336,260,33,347,3
1642845,VJ Edgecombe,VJ,1610612755,PHI,20.0,71,41,30,0.577,2471.6116666666667,427,973,0.439,143,399,0.358,143,173,0.827,115,278,393,288,130,100,37,53,205,139,1140,29,2324.6,7,0,2238.0,68,77,410,204,14,50,41,343,53,45,218,91,99,174,61,70,61,52,54,17,94,543,564,112,52,173,48,68,33,45,1
1641705,Victor Wembanyama,Victor,1610612759,SAS,22.0,62,48,14,0.774,1823.77,532,1046,0.509,119,340,0.35,360,435,0.828,127,591,718,193,151,65,192,32,154,388,1543,665,3314.1,41,1,3087.0,172,32,182,37,96,19,31,133,81,72,245,13,12,169,47,4,5,101,40,85,1,442,503,7,19,2,5,4,21,10,1
1631246,Vince Williams Jr.,Vince,1610612762,UTA,25.0,40,16,24,0.4,819.395,103,292,0.353,55,177,0.311,39,50,0.78,39,116,155,166,70,29,16,11,80,53,300,6,800.0,1,0,766.0,350,341,319,383,308,326,278,514,220,205,372,299,312,272,245,268,268,125,173,283,235,241,308,292,316,217,286,188,33,291,2
1642884,Vladislav Goldin,Vladislav,1610612748,MIA,24.0,5,3,2,0.6,13.878333333333334,2,3,0.667,0,0,0.0,0,0,0.0,1,3,4,2,1,0,1,0,3,0,4,-13,13.8,0,0,12.0,526,491,31,174,559,548,563,15,504,537,504,548,551,548,530,536,542,540,532,550,482,1,32,561,555,307,554,260,33,556,1
1630249,Vít Krejčí,Vít,1610612757,POR,25.0,64,31,33,0.484,1387.1666666666667,191,426,0.448,128,327,0.391,38,51,0.745,31,117,148,100,41,47,18,9,137,55,548,-40,1029.6,0,0,1054.0,151,174,446,327,181,214,214,317,67,81,110,304,306,342,293,267,278,227,289,182,218,212,460,283,205,378,237,260,33,220,2
1631117,Walker Kessler,Walker,1610612762,UTA,24.0,5,2,3,0.4,153.98,26,37,0.703,6,8,0.75,14,20,0.7,23,31,54,15,16,7,9,5,22,12,72,14,191.3,2,0,179.0,526,512,51,383,470,450,476,10,423,466,5,411,406,405,339,434,412,449,410,442,307,152,135,439,450,198,446,151,33,448,1
1642383,Walter Clayton Jr.,Walter,1610612763,MEM,23.0,67,17,50,0.254,1363.735,168,441,0.381,71,234,0.303,106,118,0.898,24,112,136,265,112,44,19,38,117,108,513,-280,1150.7,0,0,1111.0,112,324,562,479,188,243,205,491,180,149,392,136,155,57,333,278,299,64,87,197,209,478,394,157,220,547,208,260,33,206,2
1628976,Wendell Carter Jr.,Wendell,1610612753,ORL,26.0,74,40,34,0.541,2193.835,318,616,0.516,71,220,0.323,185,232,0.797,154,399,553,148,96,59,45,38,256,215,892,48,1993.6,12,0,1872.0,38,87,461,255,42,104,122,120,180,169,343,59,60,235,24,20,18,147,114,104,68,478,578,48,94,152,77,45,33,78,1
1631111,Wendell Moore Jr.,Wendell,1610612765,DET,24.0,5,4,1,0.8,54.471666666666664,4,7,0.571,0,1,0.0,2,2,1.0,1,5,6,3,1,2,2,1,1,3,10,43,32.7,0,0,27.0,526,477,9,25,523,530,539,65,504,523,504,504,517,1,530,519,525,528,532,502,455,54,5,506,532,154,528,260,33,534,1
1642954,Will Richard,Will,1610612744,GSW,23.0,67,34,33,0.507,1353.7716666666668,162,342,0.474,71,208,0.341,46,54,0.852,65,103,168,92,53,79,8,12,129,60,441,-85,988.6,0,0,946.0,112,157,446,296,191,251,254,221,180,182,271,278,302,125,136,294,255,243,249,54,327,257,437,268,252,446,248,260,33,244,1
1642860,Will Riley,Will,1610612764,WAS,20.0,70,16,54,0.229,1501.38,253,555,0.456,75,222,0.338,136,171,0.795,54,135,189,130,84,48,6,24,81,120,717,-414,1216.8,2,0,1219.0,80,341,571,504,153,149,144,287,166,166,279,98,103,238,180,238,228,167,141,175,368,377,310,137,151,570,192,151,33,179,1
1630214,Xavier Tillman,Xavier,1610612766,CHA,27.0,29,21,8,0.724,180.37833333333333,19,45,0.422,3,18,0.167,1,4,0.25,19,22,41,13,8,9,5,3,15,7,42,-24,144.7,0,0,127.0,405,278,114,61,465,466,467,396,445,433,486,530,497,546,364,455,438,458,459,426,382,119,104,472,477,341,461,260,33,467,2
1642905,Yang Hansen,ang Hansen,1610612757,POR,20.0,41,22,19,0.537,296.37666666666667,31,100,0.31,5,42,0.119,28,34,0.824,20,45,65,22,32,3,10,11,43,39,95,-97,213.0,0,0,213.0,344,267,243,263,424,439,406,545,432,378,498,345,359,184,358,395,393,419,330,486,293,241,199,334,430,461,434,260,33,430,1
1642949,Yanic Konan Niederhäuser,Yanic Konan,1610612746,LAC,23.0,41,22,19,0.537,423.67833333333334,64,100,0.64,1,5,0.2,47,62,0.758,37,80,117,12,23,5,30,10,66,45,176,38,416.4,0,0,376.0,344,267,243,263,388,379,406,29,478,483,470,274,276,319,259,334,322,460,380,460,127,227,262,318,380,160,375,260,33,382,1
1642530,Yuki Kawamura,Yuki,1610612741,CHI,24.0,14,4,10,0.286,147.50333333333333,10,30,0.333,7,20,0.35,12,13,0.923,7,18,25,38,12,8,0,2,9,14,39,2,138.0,0,0,125.0,464,477,140,449,472,493,483,525,415,424,245,424,435,45,456,468,465,376,430,435,515,85,84,430,480,240,465,260,33,468,1
1642274,Yves Missi,Yves,1610612740,NOP,21.0,66,19,47,0.288,1297.0366666666666,160,294,0.544,0,1,0.0,57,102,0.559,183,202,385,84,54,20,101,26,113,79,377,-41,1274.0,5,0,1088.0,129,306,550,448,204,252,276,88,504,523,504,241,195,504,11,139,64,266,247,336,10,393,379,221,273,379,179,94,33,213,1
1642258,Zaccharie Risacher,Zaccharie,1610612737,ATL,20.0,64,38,26,0.594,1453.22,237,517,0.458,94,250,0.376,55,86,0.64,66,176,242,72,55,56,35,29,142,72,623,6,1239.4,0,0,1213.0,151,110,345,186,165,163,159,273,129,133,158,246,226,467,134,171,164,291,240,120,101,420,476,239,170,217,186,260,33,180,1
1628380,Zach Collins,Zach,1610612741,CHI,28.0,10,6,4,0.6,183.73666666666668,37,64,0.578,9,21,0.429,14,20,0.7,16,40,56,15,10,2,4,2,18,19,97,18,194.7,1,0,189.0,489,455,61,174,463,424,445,62,403,420,47,411,406,405,381,412,409,449,447,502,403,85,117,402,427,192,443,188,33,443,1
1641744,Zach Edey,Zach,1610612763,MEM,23.0,11,7,4,0.636,283.8516666666667,62,98,0.633,1,5,0.2,25,32,0.781,43,79,122,12,26,7,21,6,37,37,150,113,372.4,5,0,341.0,480,441,61,136,426,382,411,33,478,483,470,356,362,270,228,336,318,460,361,442,189,173,182,343,393,106,387,94,33,389,1
203897,Zach LaVine,Zach,1610612758,SAC,31.0,39,9,30,0.231,1224.2633333333333,262,547,0.479,99,254,0.39,125,142,0.88,8,100,108,89,74,28,10,25,81,97,748,-310,1051.1,0,0,1120.0,356,418,410,501,219,144,152,211,116,128,117,109,131,83,441,302,335,252,163,291,293,383,310,178,137,554,230,260,33,203,1
1630192,Zeke Nnaji,Zeke,1610612743,DEN,25.0,49,35,14,0.714,585.255,66,140,0.471,13,49,0.265,34,44,0.773,31,97,128,24,25,17,21,17,63,40,179,-90,457.6,2,0,420.0,291,142,182,71,356,375,382,234,378,370,435,322,326,288,293,308,311,410,369,359,189,304,251,329,376,457,367,151,33,369,1
1630533,Ziaire Williams,Ziaire,1610612751,BKN,24.0,56,13,43,0.232,1281.2666666666667,184,433,0.425,86,251,0.343,119,140,0.85,30,104,134,60,59,76,21,20,116,115,573,-282,1055.8,0,0,1047.0,229,379,531,499,205,225,210,383,145,131,266,121,134,129,299,291,301,319,219,58,189,340,389,147,191,548,229,260,33,221,1
1629627,Zion Williamson,Zion,1610612740,NOP,25.0,62,22,40,0.355,1841.0633333333333,484,807,0.6,1,4,0.25,333,465,0.716,125,228,353,199,126,60,34,82,141,324,1302,-82,2180.1,6,0,2043.0,172,267,510,406,94,33,66,54,478,494,442,21,9,381,50,107,79,95,59,100,106,575,472,14,36,440,57,83,33,66,1
1642389,Zyon Pullin,Zyon,1610612750,MIN,25.0,3,2,1,0.667,8.516666666666667,1,1,1.0,0,0,0.0,2,2,1.0,0,0,0,4,3,1,0,0,2,1,4,-2,10.0,0,0,10.0,551,512,9,93,567,554,574,1,504,537,504,504,517,1,552,568,573,512,503,526,515,1,20,536,555,260,558,260,33,558,1
