,Time,Time Code,Country Name,Country Code,"Population, total [SP.POP.TOTL]",Population growth (annual %) [SP.POP.GROW],Surface area (sq. km) [AG.SRF.TOTL.K2],Poverty headcount ratio at national poverty lines (% of population) [SI.POV.NAHC],"GNI, Atlas method (current US$) [NY.GNP.ATLS.CD]","GNI per capita, Atlas method (current US$) [NY.GNP.PCAP.CD]","GNI, PPP (current international $) [NY.GNP.MKTP.PP.CD]","GNI per capita, PPP (current international $) [NY.GNP.PCAP.PP.CD]",Income share held by lowest 20% [SI.DST.FRST.20],"Life expectancy at birth, total (years) [SP.DYN.LE00.IN]","Fertility rate, total (births per woman) [SP.DYN.TFRT.IN]","Adolescent fertility rate (births per 1,000 women ages 15-19) [SP.ADO.TFRT]","Contraceptive prevalence, any method (% of married women ages 15-49) [SP.DYN.CONU.ZS]",Births attended by skilled health staff (% of total) [SH.STA.BRTC.ZS],"Mortality rate, under-5 (per 1,000 live births) [SH.DYN.MORT]","Prevalence of underweight, weight for age (% of children under 5) [SH.STA.MALN.ZS]","Immunization, measles (% of children ages 12-23 months) [SH.IMM.MEAS]","Primary completion rate, total (% of relevant age group) [SE.PRM.CMPT.ZS]","School enrollment, secondary (% gross) [SE.SEC.ENRR]","School enrollment, primary and secondary (gross), gender parity index (GPI) [SE.ENR.PRSC.FM.ZS]","Prevalence of HIV, total (% of population ages 15-49) [SH.DYN.AIDS.ZS]",Forest area (sq. km) [AG.LND.FRST.K2],"Water productivity, total (constant 2015 US$ GDP per cubic meter of total freshwater withdrawal) [ER.GDP.FWTL.M3.KD]",Energy use (kg of oil equivalent per capita) [EG.USE.PCAP.KG.OE],Electric power consumption (kWh per capita) [EG.USE.ELEC.KH.PC],GDP (current US$) [NY.GDP.MKTP.CD],GDP growth (annual %) [NY.GDP.MKTP.KD.ZG],"Inflation, GDP deflator (annual %) [NY.GDP.DEFL.KD.ZG]","Agriculture, forestry, and fishing, value added (% of GDP) [NV.AGR.TOTL.ZS]","Industry (including construction), value added (% of GDP) [NV.IND.TOTL.ZS]",Exports of goods and services (% of GDP) [NE.EXP.GNFS.ZS],Imports of goods and services (% of GDP) [NE.IMP.GNFS.ZS],Gross capital formation (% of GDP) [NE.GDI.TOTL.ZS],"Revenue, excluding grants (% of GDP) [GC.REV.XGRT.GD.ZS]",Market capitalization of listed domestic companies (% of GDP) [CM.MKT.LCAP.GD.ZS],Military expenditure (% of GDP) [MS.MIL.XPND.GD.ZS],Mobile cellular subscriptions (per 100 people) [IT.CEL.SETS.P2],High-technology exports (% of manufactured exports) [TX.VAL.TECH.MF.ZS],Merchandise trade (% of GDP) [TG.VAL.TOTL.GD.ZS],Net barter terms of trade index (2015 = 100) [TT.PRI.MRCH.XD.WD],"External debt stocks, total (DOD, current US$) [DT.DOD.DECT.CD]",Total debt service (% of GNI) [DT.TDS.DECT.GN.ZS],Net migration [SM.POP.NETM],"Personal remittances, paid (current US$) [BM.TRF.PWKR.CD.DT]","Foreign direct investment, net inflows (BoP, current US$) [BX.KLT.DINV.CD.WD]",Net ODA received per capita (current US$) [DT.ODA.ODAT.PC.ZS],GDP per capita (current US$) [NY.GDP.PCAP.CD],"Foreign direct investment, net (BoP, current US$) [BN.KLT.DINV.CD]","Inflation, consumer prices (annual %) [FP.CPI.TOTL.ZG]"
0,2022,YR2022,Afghanistan,AFG,40578842.0,1.43570437048699,652860.0,,14887595113.219812,370.0,86404553811.18289,2130.0,,65.617,4.932,65.339,,,57.4,18.4,56.0,,,,0.1,12084.4,0.755607623022327,,,14497243872.13374,-6.2401719924026935,9.406239339313217,33.701432321392254,16.050367722396278,18.38004240163747,54.50542720701614,16.7,,,,56.2655,,32.068164411141616,96.1,3393247241.7,0.1828087802745597,-647402.0,,0.0,96.47803752052928,357.2611527981439,,13.71210237200648
1,2022,YR2022,Albania,ALB,2451636.0,-1.54315667695786,28750.0,19.7,18934768339.355545,7720.0,53075777964.21212,21650.0,,78.769,1.355,12.827,,,9.4,,86.0,101.176280497657,97.3224714726407,,0.1,7889.0,18.049365539050147,884.5722152916297,2840.960077270851,19017247013.88206,4.826800623435901,9.861609920162877,16.984475447657445,23.025052215954904,37.19707556149769,47.500968032988865,26.802365474129402,24.73166138461731,,1.20878861551122,98.395,0.05964099775680368,66.82355227716984,115.8,10420148491.4,3.7762300102236863,-16426.0,149489653.212122,1441381891.41694,129.2065235222329,7756.961887442532,-1249848499.57359,6.725202715300596
2,2022,YR2022,Algeria,DZA,45477389.0,1.58758210690673,2381740.0,,201439490241.72775,4430.0,703392535658.3354,15470.0,,76.129,2.817,8.977,,,22.3,,79.0,93.9291038501862,104.550270080566,,0.1,19680.0,20.080692589081977,1499.5099995851717,1756.5872130433872,225581644702.5678,3.6000000009491515,22.920305598874407,10.647063855347213,43.052130624080206,30.79155617633414,20.39853319205556,35.09795369926941,,,4.05748811460294,107.787,,46.362814730736595,150.8,7129258689.2,0.13590795129680286,-14684.0,77927357.2219637,241796029.580125,4.757449895290449,4960.303343328876,-157209788.40752202,9.26551551551553
3,2022,YR2022,American Samoa,ASM,48342.0,-1.81008765020754,200.0,,,,,,,72.752,2.305,34.104,,,,,,,,,,170.7,,,,871000000.0,1.7350157728706534,14.152764857881124,,,46.95752009184845,77.72675086107922,,,,,,,117.68082663605051,181.8,,,-1305.0,,,,18017.458938397252,,
4,2022,YR2022,Andorra,AND,79705.0,1.69676808598242,470.0,,3793607278.920602,47600.0,5692248077.042347,71420.0,,84.016,1.071,3.527,,,2.7,,98.0,,98.5098724365234,,,160.0,,,,3380611694.733916,9.564612256481837,4.236652264546635,0.4874918621566141,11.14534110413013,,,,29.38162507359102,,,142.426,13.307661357266515,66.55600237983248,92.0,,,1102.0,123883259.200783,593981421.298943,,42414.04798612277,-450603575.937596,
5,2022,YR2022,Angola,AGO,35635029.0,3.14302612044601,1246700.0,,83435815174.35463,2340.0,320812020198.55615,9000.0,,64.246,5.209,141.978,,,66.4,,50.0,,,,1.6,654972.511,144.4641409078441,423.12251760056375,392.5070469284591,131212208930.3441,4.216002584751365,18.1217716217607,18.989092980165253,34.9333591780179,35.19605302170635,20.05872024967717,14.176985954190139,26.016294278308237,,1.410163657162,66.6008,22.063503999578096,52.646015613281115,167.3,60445747533.3,12.40287500625875,-995.0,517668187.39298,-6598652652.09389,2.692066547969861,3682.113151369797,6639719014.34389,21.35529013208222
6,2022,YR2022,Antigua and Barbuda,ATG,92840.0,0.530270318994476,440.0,,1747549810.1369686,18820.0,2641055705.594505,28450.0,,77.483,1.58,33.469,,,9.6,,99.0,123.354735152488,107.799908772997,,1.1,79.911,368.34000393294997,,,1866566666.6666665,9.107806233859577,6.780274707842665,1.9556603230728629,19.658195974784363,54.723764963599244,62.97976280475343,,,,,200.541,0.0,45.10955944068433,80.1,,,0.0,55995754.8148148,313270088.888888,,20105.198908516442,-303828565.555555,7.531078346342885
7,2022,YR2022,Argentina,ARG,45407904.0,0.210808731072658,2780400.0,39.2,539796984147.3713,11890.0,1328638499395.132,29260.0,5.4,75.806,1.482,25.767,,,9.8,,85.0,100.310147105379,114.14811706543,,0.4,283550.0,15.99556152270936,1808.7602133555297,2833.1190975033774,633993756301.0798,6.020745375348554,68.99382676923139,6.541569404848367,24.11186362729105,16.281667725325406,15.29851153530021,17.385586135842736,17.89319530626976,8.35147499068672,0.684586409291956,131.484,4.751575243385936,26.884018699871493,114.2,248976650822.0,5.447951168289444,5589.0,584773181.172366,15206087397.3003,8.48639805836103,13962.189408722319,-13116250814.2436,72.43075753182404
8,2022,YR2022,Armenia,ARM,2969200.0,0.2326562627468,29740.0,24.8,16893970795.00987,5690.0,55469244670.44675,18680.0,9.2,74.7658536585366,1.7,13.487,,,10.5,,95.0,93.8248282630029,91.7106609922965,,0.3,3280.5,4.630680827798869,1347.5905574741312,2403.677758318739,19513506553.125072,12.599999999776628,7.985878528281745,10.146703925568268,25.437096643779356,51.570920365649656,52.30770884785835,22.25513216605159,23.456417582865342,1.2948467222542075,4.08174595925594,130.54,21.84752834353729,72.40625851398939,98.6,15931152887.6,10.463451197525412,38001.0,666339636.10391,975658909.266107,101.48590182448675,6571.974455450988,-925913971.648405,8.640911089738546
9,2022,YR2022,Aruba,ABW,107310.0,-0.362774222330685,180.0,,3236296850.658224,30160.0,4313073858.887092,40190.0,,76.226,1.615,18.768,,,,,,93.8329391479492,131.802169799805,,,4.2,,,,3324034443.2658105,10.63643096044143,4.289059850345538,0.03421443153322187,9.735917364199805,80.80688102125588,79.8276653967588,19.808067162356686,,,,130.648,7.125146544626561,47.743187595878155,72.9,,,152.0,110361038.271826,248150282.616618,,30975.9989121779,-124694278.134545,
10,2022,YR2022,Australia,AUS,26018721.0,1.28931130985537,7741220.0,,1581764554142.8328,60790.0,1651138216224.6829,63460.0,,83.2,1.63,6.747,,,3.7,,96.0,,133.277267456055,,0.1,1340051.0,137.03594364022644,4942.163722028419,9923.431670603639,1695627535475.8005,4.253045592387323,7.199544340720095,2.672426999506184,27.401962084845664,25.46152983736588,20.233112043209342,23.699795712443226,26.131348255083008,99.02952711420889,1.88329708969124,109.469,25.83187041162716,42.572557056136716,181.0,,,140972.0,6530528854.30703,68709419796.6457,,65169.519111865666,58640230943.976105,6.594096713418462
11,2022,YR2022,Austria,AUT,9041851.0,0.956287797076634,83879.0,,509176132339.51526,56310.0,642451358145.9478,71050.0,7.8,81.2951219512195,1.41,4.205,,,3.2,,95.0,97.1591720581055,101.458000183105,,,38954.5,136.29704636958485,3486.7294329376255,8256.605865325584,473221298968.2158,5.330963794003708,5.023431563332707,1.3464959645730148,25.844468387538623,61.42731211868732,62.1522665342146,29.23679400144268,44.264983392109805,26.002210861659584,0.7667060083267719,121.166,14.914170247260156,94.1310124821577,94.0,,,157365.0,6949674700.78465,14301504457.0346,,52336.772522375766,112362400.32462299,8.546869931884496
12,2022,YR2022,Azerbaijan,AZE,10141756.0,0.039507866238038,86600.0,,57455094615.68127,5670.0,213379981895.79846,21040.0,,74.125,1.67,35.293,,,19.4,,71.0,99.7032805695039,90.9530364179442,,0.1,11548.256000000001,4.359378775140892,1714.0372598283175,2365.862479830909,78807470588.2353,4.71468033247649,37.27072112937472,4.6122083081105325,56.14673735768555,59.98684806680763,26.99542518737026,12.003714189532642,38.44842120820137,1.8627421855348139,3.7953702508048295,107.506,3.9129441620027037,66.85533694551202,173.3,15457490377.2,2.1831176909555676,9086.0,811938000.0,-4474481000.0,4.7819302194441375,7770.594223350996,4646691000.0,13.8522590144267
13,2022,YR2022,"Bahamas, The",BHS,397538.0,0.293483989063331,13880.0,,13432451488.035147,33790.0,13834311248.93776,34800.0,,74.491,1.379,24.679,,,12.9,,80.0,,,,1.2,5098.6,,,,13896800000.0,10.877900941026766,4.124169662850633,0.41448390996488405,9.50434632433366,37.15891428242473,38.824045823498935,23.815554660065626,18.748901754360716,,,101.624,0.0,31.43169650567037,98.9,,,1001.0,216507922.479998,530913950.39875,,34957.16132797368,-316430192.37875,5.605406335830438
14,2022,YR2022,Bahrain,BHR,1524693.0,1.34221960637543,790.0,,43142062339.69546,28300.0,90066506256.57167,59070.0,,80.992,1.839,8.122,,,8.4,,99.0,101.043024771838,103.393222951005,,0.1,7.4,248.06393904054843,10701.792757509216,22689.15775175724,46458191489.3617,6.180161254751852,7.134888799007811,0.24616046914750622,46.38962737029633,95.96136540060041,71.17987575193436,24.590186898767367,,65.13880336243751,3.42339334548769,139.636,0.5699591963159788,98.43473999729795,138.4,,,18975.0,2711702127.65957,1951329787.23404,,30470.52192760228,-3457446.80851082,3.62574104304482
15,2022,YR2022,Bangladesh,BGD,169384897.0,1.02423384746683,147570.0,18.7,483370788278.34064,2850.0,1488102430377.472,8790.0,8.8,74.265,2.179,73.128,64.0,,30.7,21.7,96.0,96.6163713445783,67.0384586440383,,0.1,18834.0,8.520477506392828,297.1183563427057,602.6747473241371,460131689083.0827,7.0998287757515754,5.0490218788313115,11.21760103515951,33.92008049718756,12.882226434898525,20.897740835674973,32.04727558090502,,25.04288505528114,0.990983394484057,109.867,,30.347616413523387,73.9,96944431751.0,1.421335819791521,-549990.0,135240485.625237,1634888030.42697,30.727603726012834,2716.4859278043114,-1603289892.55869,7.696954371768982
16,2022,YR2022,Barbados,BRB,282318.0,0.0605883465692588,430.0,,6859993857.438635,24300.0,6114486487.255499,21660.0,,75.676,1.712,45.848,,,10.4,,85.0,87.0643827525103,104.222328186035,,1.1,63.0,82.5697447154656,,,6884900000.0,17.226462679337942,-1.2507343562653972,1.4488227860971112,12.813548490174147,,,,,,,114.581,17.011739306168195,38.47550436462403,92.6,,,-80.0,,200000000.0,,24387.038729376094,,
17,2022,YR2022,Belarus,BLR,9228071.0,-0.804228426880244,207630.0,3.9,66525038944.719406,7210.0,251336575106.96036,27240.0,,74.10336585365854,1.326,9.903,,,2.6,,98.0,94.2244718234595,99.0602032881737,,,87966.0,40.505743773498125,2862.4870345370555,3902.765810969595,73775179924.60303,-4.6583959132899935,14.884862363536683,8.04181871674039,33.029095545083386,63.05118689384281,56.97302068225104,21.59790648339794,26.07257158835765,3.38407849706567,1.64869313490861,128.315,,103.73542982641774,105.9,39858867169.4,9.634036117063518,-8000.0,164657870.37,1606417743.38,1.9016402724692627,7994.648060748886,-1426218875.83,15.20967527408096
18,2022,YR2022,Belgium,BEL,11680210.0,0.808165350001861,30689.0,12.3,634617780052.0645,54330.0,805380374301.6471,68950.0,9.4,81.7487804878049,1.53,4.372,,,3.7,,96.0,,142.918075561523,,0.2,6893.0,120.84015051725737,4368.445625674273,7282.745772550323,591085783326.2668,3.9562379757933,6.699037611866103,0.6714304115147964,20.002116480919334,94.42134467444052,96.75768662934556,27.286480835603772,37.28494692140213,,1.1624655128724701,101.68,22.817913517326545,209.82775004679849,97.1,,,118615.0,8009404879.74839,13136474102.1507,,50605.74966770862,21118313600.595497,9.597511728725
19,2022,YR2022,Belize,BLZ,402733.0,1.85124805102003,22970.0,,2702036317.4592624,6710.0,5166203147.3095665,12830.0,,72.19,1.949,53.404,,,12.8,,81.0,108.684100125857,87.4381668552162,,1.2,12547.3,24.971682494922934,,,2846604350.0,9.250513295309943,7.286854911232751,7.7485812174775885,15.486833874411806,52.57878742439215,55.261462661644565,20.19191743313397,,,0.9791737858975681,67.175,0.00018155445213167352,66.71106225211804,82.5,1471192939.9,2.8338486376872805,5936.0,41395472.3829643,140907967.620593,52.17579552108419,7068.217280431452,-139707558.830593,6.276893194475437
20,2022,YR2022,Benin,BEN,13759501.0,2.54740926342667,114760.0,,18679223213.921284,1360.0,52513064087.869255,3820.0,,60.475,4.634,78.86,22.4,,80.4,,52.0,61.6417503356934,43.5606498718262,,0.7,30351.5,128.96851088303785,375.82098364933654,105.30905154191275,17425405090.862,6.25294705373625,4.138994478753673,26.896678796812385,17.017826707817036,20.81533004744576,23.566262840296652,31.148371643097335,,,0.632087491743063,105.745,4.287156206215209,49.54260721621447,113.0,10927329920.1,2.9869891720546367,-192.0,102731291.456694,375988902.223793,61.663056011942224,1266.4271103190442,-329419204.124988,1.350778635835274
21,2022,YR2022,Bermuda,BMU,64749.0,0.156108751379667,4290.0,,8559624501.931178,132200.0,7174056726.869671,110800.0,,82.062,1.397,1.614,,,,,,,,,,10.0,,,,7874381000.0,6.476225711867073,1.4457934854470693,0.2185441623919391,5.325904347275043,50.298848887296664,24.898376139026038,12.536566366295968,,2.628778058872183,,105.274,12.540290834702713,15.569477778634283,127.4,,,0.0,171910319.143367,5893778.6383343,,121613.9399836291,14707318.361665701,
22,2022,YR2022,Bhutan,BTN,780914.0,0.703183917780367,38390.0,12.4,2810795223.130817,3600.0,11152433318.605757,14280.0,8.8,72.754,1.478,9.388,,,23.9,,97.0,,89.9829129407455,,0.2,27290.0,7.741501838371922,,,2898227743.7557607,5.213867837862239,5.794855169797827,14.671011956090444,31.82484473808018,25.498839958787627,60.07237656382627,55.77882929403778,,,,95.1298,0.012217993986519864,77.11609292317739,175.1,3160243054.4,4.80762922393824,291.0,33684108.3160668,8402097.14562732,249.9649267907145,3711.327679815909,-8402097.14562732,5.639166713963702
23,2022,YR2022,Bolivia,BOL,12077154.0,1.16425907336882,1098580.0,37.7,50617292052.35307,4190.0,144944483166.17023,12000.0,5.1,67.434,2.584,65.76,,,23.9,,69.0,96.544110752129,90.3729338176816,,0.4,504164.44399999996,103.57855332570642,798.2932200523145,859.3084099118054,50959081953.6903,3.7474178124146107,2.591002750816031,8.660284813061772,32.01927226103229,27.793991504201543,29.73094207476151,18.040801574836795,,,0.973250888476219,101.572,5.517697487182869,50.66810274067387,80.9,15930334885.1,4.839926913412912,-3008.0,319306430.893004,6236980.0828294,27.799162926010222,4219.461137424454,-87031312.65507361,1.746328729459686
24,2022,YR2022,Bosnia and Herzegovina,BIH,3204802.0,-1.24363802761194,51210.0,,24693150146.72568,7710.0,66788549060.43422,20840.0,,76.777,1.481,11.089,,,6.2,,58.0,100.880813598633,87.0373992919922,,,21879.1,64.9840615681781,2270.72637629896,3773.0880098052858,24534663636.17784,4.226813333903252,11.808838185719651,4.826249270626831,24.663248259927926,48.30712734100345,61.89815703638336,27.90266802502121,35.874435283747374,,0.7520287307492179,118.944,5.224749177601036,102.10044193580165,108.4,13439997978.9,4.115686902644894,-485.0,107867530.396403,929439990.796357,88.94933366910219,7655.5942102438285,-848752904.054012,14.0208440826771
25,2022,YR2022,Botswana,BWA,2439892.0,1.58848021878269,581730.0,,20124230777.60448,8250.0,48822957868.50253,20010.0,,68.749,2.785,54.585,,,40.7,,90.0,101.532181974812,,,17.4,150181.0,81.91389664862925,1165.1496869612097,1522.198523541206,20321150599.15232,5.486017064467717,14.61767672418759,1.579789821793665,37.45712971191776,43.543611776361104,42.068095977982075,26.791517866856,29.45723824970397,152.67334321755473,2.51778285669486,178.205,0.5023812940932434,81.05840227711867,77.3,2002717072.9,0.8687376505433612,-7306.0,211834421.023256,709624140.359235,37.19650188930301,8328.7090572666,-699506126.122522,11.66556747880202
26,2022,YR2022,Brazil,BRA,210306415.0,0.360180890872169,8510420.0,,1774306739965.406,8440.0,4059062517998.094,19300.0,3.6,74.872,1.629,42.881,,,14.6,,81.0,,106.031188964844,,0.7,4941960.0,27.958568722869146,1432.727411329193,2787.7608964044202,1951923832083.8743,3.0166943540811246,8.57028196142548,5.767474908422181,22.819456852144608,19.630765003483795,19.185300972948337,18.088220444279145,26.936513458742773,40.69922642175434,1.05240083845945,101.245,9.111346279875281,32.090442757250194,114.5,579257850288.2,6.634569160457161,-253639.0,2238383172.35,75501038733.31,2.7503401861056544,9281.332821368642,-42146446474.310005,9.280106089568728
27,2022,YR2022,British Virgin Islands,VGB,38319.0,1.33986872052852,150.0,,,,,,,77.177,1.025,14.539,,,13.1,,,,72.2840270996094,,,36.2,,,,,,,,,,,,,,,92.8913,,,56.8,,,550.0,,38118551090.0,,,,
28,2022,YR2022,Brunei Darussalam,BRN,455370.0,0.804554269312164,5770.0,,14101780017.723724,30970.0,36424678716.11884,79990.0,,72.917,1.764,8.589,,,9.5,,97.0,105.507105943152,89.8513650597627,,,3800.0,141.3091097361458,9537.0515607056,11197.487757208424,16681536466.7183,-1.6283315451510845,24.23672683877649,1.096160288762411,67.92558541923437,86.38935688368467,60.58460899591258,25.851042942690068,,,2.61193002463948,116.108,1.0442596038317467,140.35877358607695,135.4,,,0.0,,-290169984.940837,,36632.92809521554,290169984.940837,3.682250306042156
29,2022,YR2022,Bulgaria,BGR,6465097.0,-0.650676134087796,111000.0,20.6,84717135626.73209,13100.0,219012306948.22467,33880.0,6.2,74.16097560975611,1.78,39.409,,,6.2,,91.0,95.7139129638672,96.6720733642578,,0.1,39190.0,11.399265418479299,2968.6566342655187,5536.49852430675,90506153293.67328,4.083864091512297,15.918454216647177,3.7113641358378873,25.303721234985765,69.97947489276143,68.86540234847703,22.68758545557052,36.54038007714172,17.351958323808034,1.58707500372134,116.679,10.38267754185687,119.20073505934927,97.0,47206483345.4,10.91166076350559,26498.0,188040000.0,5060860000.0,,13999.194953095564,-3798280000.0,15.32525892643664
30,2022,YR2022,Burkina Faso,BFA,22509038.0,2.30907147387783,274200.0,,18839306766.57421,840.0,55682079432.06977,2470.0,,60.7,4.275,88.56,33.9627403568433,,79.9,,88.0,58.291190218396,33.6212866168282,,0.6,61164.0,20.371128468154463,312.92908580422716,131.19174617769093,18622421394.613308,1.626732582119189,4.642584352849582,20.6297606481805,26.043948895976527,31.21807341915884,36.3022167140067,18.058505375894722,19.872630178293935,,2.9816156694253597,119.463,1.528998976495303,53.81684684086758,97.3,9905922029.1,6.17418133675348,-24960.0,185158859.491843,669738240.850164,61.85804076719671,827.3308434866611,-646208346.2792901,14.2902354303358
31,2022,YR2022,Burundi,BDI,13321097.0,2.70585008916716,27830.0,,3820898763.2126746,290.0,14767842158.625753,1110.0,,62.882,4.98,54.08,,,50.8,27.6,89.0,,,,0.9,2796.4,12.535791939415283,,,4036192552.8887916,2.3177012222333104,15.04938612787501,34.683720938661054,16.93380235954596,,,,,,2.59858091417074,56.26,1.1179240916667086,36.34613514536208,101.7,946930431.9,0.8236039085341436,1995.0,16594852.7810297,25249488.9899432,43.13430436257659,302.99250526355235,-23299307.7250331,18.80087866649446
32,2022,YR2022,Cabo Verde,CPV,519741.0,0.596688345869947,4030.0,,2366105896.083338,4550.0,4866160467.877328,9360.0,,75.907,1.533,38.673,,,12.1,,95.0,99.0985576923077,96.4315940376876,,0.9,463.2,11.604527416758431,,,2247003344.3424206,15.843675684641951,6.343190404386689,4.9540486885113575,11.07892384111441,38.684254217013404,58.30988263432231,21.879431302759617,,,0.45608100509082805,113.247,3.4765400015460224,85.58064699110453,90.0,2402574451.3,4.7338497538733915,-1253.0,30236846.2177801,122015528.984869,161.45941172784097,4323.313620327087,-103425255.748134,7.930929254300872
33,2022,YR2022,Cambodia,KHM,17201724.0,1.33088813106016,181040.0,,38995460841.2322,2270.0,114401886453.73355,6650.0,,70.528,2.616,47.089,61.9,98.7,23.8,,83.0,87.2572415781805,55.1346812645406,,0.6,77569.9,15.841293940856872,501.6441361520874,813.2324411204365,39994532959.60738,5.129901107739769,3.4889001658198424,16.544085988484795,40.86496262221583,72.2070606780988,73.6665720833071,34.59452643187354,14.953850975496586,,1.54188348947322,113.392,6.562225982364634,130.71036497112576,80.9,22473750966.3,7.095776335910816,-31350.0,302336225.903682,3578831295.87392,90.04638156789923,2325.0305004084116,-3428345015.46067,5.34370264895437
34,2022,YR2022,Cameroon,CMR,27632771.0,2.62905090961273,475440.0,,45747510263.47271,1660.0,139812326053.8085,5060.0,,62.443,4.397,108.328,,,69.5,,68.0,70.4368165739108,45.6066724321371,,2.8,202284.8,37.03313818921024,384.1048631536881,283.6849044201901,44347206072.55133,3.736784005641198,6.831054732486734,16.54616441327453,27.130359337719618,19.321813317909044,21.964789241558815,19.10743980912443,,,0.939352946747924,89.8274,3.288647060039671,30.34689485958354,124.4,15122663059.8,4.188417352542576,-4798.0,32278962.9385108,925681548.563251,42.95707698981981,1604.8772695489472,-898335371.153816,6.247677133438612
35,2022,YR2022,Canada,CAN,38935934.0,1.80390457488184,15634410.0,,2096755180148.684,53850.0,2440621496937.9365,62680.0,,81.24536585365854,1.33,4.889,,,5.1,,92.0,,107.479377746582,,0.1,3468541.311,49.227839623145485,7578.020936012374,14907.077867966387,2190411080134.319,4.189036281008512,7.906762130773259,,,33.94319066693792,33.374430889461024,25.318666825678548,18.972303871705474,126.04352603214093,1.1671325948634501,91.2387,15.148976538046844,54.2542909309574,121.1,,,459988.0,10423273671.1828,50229920776.0187,,56256.80072640145,38444704429.7408,6.802801153416128
36,2022,YR2022,Cayman Islands,CYM,71591.0,2.09324575309515,264.0,,5301723272.74597,74060.0,4633414058.671572,64720.0,,79.984,1.541,11.515,,,,,,97.9565772669221,85.6012268066406,,,126.4,,,,6660161212.019968,5.775667080288244,3.888631688364711,0.46893990167682986,8.080551651343344,,,,,,,139.315,56.64670519086216,27.53687097979065,143.2,,,942.0,538825162.051836,-3144736442.9941,,93030.70514478032,2377417994.05847,
37,2022,YR2022,Central African Republic,CAF,5098039.0,-0.275432271573156,622980.0,,2665625203.8568187,520.0,6538856977.410453,1280.0,,18.818,6.023,163.019,,,387.4,18.4,32.0,,,,2.7,222430.0,28.050844916997935,,,2382618615.016939,0.45390187644778734,6.018778772724517,36.21711000241186,21.15730000073896,12.300499998649256,32.93307000297074,24.326660001217327,,,1.7108622431685199,38.8218,37.297404677395186,24.636758745202144,96.5,1045511289.2,0.792568189339515,-17430.0,,24047720.0,134.1335829923404,467.35982502623835,,5.583167351832467
38,2022,YR2022,Chad,TCD,18455316.0,3.45668911084691,1284000.0,44.8,17553236855.90239,950.0,47929337439.98964,2600.0,6.9,54.528,6.215,136.697,,,104.3,18.2,54.0,,,,1.0,40914.443999999996,18.098675372551565,198.544774520873,14.467376229158038,17828508289.604942,4.129698976763322,14.147701098325612,35.22798239859793,33.063605230064105,31.7353441144244,16.253034317518537,17.971522488906952,,,2.0442448086408,65.4378,,34.37752559238825,158.6,3269658175.5,2.3891098149162198,36670.0,,614018510.0,38.05512384277246,966.0364682785677,,5.788026878436164
39,2022,YR2022,Channel Islands,CHI,167215.0,0.283869921965387,,,,,,,,81.0,1.37,8.72,,,,,,,,,,,,,,11308272505.183027,5.341961403758688,7.358322322688508,0.6503830578313903,8.383067881067326,,,,,,,,,,,,,820.0,,,,67627.1417347907,,
40,2022,YR2022,Chile,CHL,19553036.0,0.495789591494285,757244.88,6.5,301825433784.2347,15440.0,573150951798.8623,29310.0,5.9,79.176,1.255,7.687,,,6.8,,94.0,100.269378662109,106.068328857422,,0.6,184565.266,7.896373151314515,2124.698482313698,4422.433426706727,301226575540.2417,2.1539935619245796,7.560157386627097,3.2346792584916213,31.033047400602147,35.606628272313685,39.59498947021666,25.798419006445496,26.08124265604839,94.69015457498871,1.54099069337002,135.114,6.9367268411669265,67.44690425657951,125.0,,,59374.0,673119195.0,18771990469.19,,15405.616577407298,-4717296726.415,11.64386671105596
41,2022,YR2022,China,CHN,1412175000.0,-0.0130995013525784,9562910.0,,18595279821527.77,13170.0,32253389995977.793,22840.0,7.3,78.202,1.034,5.463,,,6.6,,99.0,,,,,2237370.0,29.388677268590772,2676.4820097611064,6112.135535609963,18316765021690.156,3.1341888719577042,1.9342740784076256,7.147886928301708,37.8945266620066,20.297731691400543,17.142988184965446,42.35543334704992,14.655960563014139,62.616657889197946,1.63053389156959,124.195,27.765061256315583,34.12688317286282,89.5,2530502272052.6,2.4894329251480993,-293846.0,22156035784.91,190203789092.51,-0.19861427861028835,12970.605641432652,19846371666.52,1.973575557390506
42,2022,YR2022,Colombia,COL,51737944.0,1.06829295530618,1140619.05,36.6,339395556322.0409,6560.0,1033748777908.8776,19980.0,3.2,76.508,1.663,60.175,,,12.4,,88.0,97.1171035766602,101.573776245117,,0.6,587433.389,14.620761802393195,851.2327765680329,1528.0854608370212,345632492851.4475,7.328277294279786,14.925036680697772,8.831544736890406,26.123002231695235,20.388367993833096,27.894287118502813,19.787244600731842,25.4074707170723,19.793419720351242,2.79798282722927,156.195,8.401826371864393,38.888704846905156,154.1,184496121410.2,8.154247594914603,183180.0,449510119.173535,17182225497.9059,36.425053400786084,6680.445068544809,-13798720624.7493,10.17723135461662
43,2022,YR2022,Comoros,COM,834188.0,1.93837687010445,1861.0,,1330384400.5353608,1590.0,3054227435.906687,3660.0,,66.481,3.935,56.298,11.6,,41.1,9.1,71.0,,,,0.1,320.4,114.14813275844658,,,1222485532.3197627,2.6030103192784253,5.185553440721819,35.16432412462399,9.638798093590555,12.947027503563135,37.4417429779068,13.334794301082423,,,,100.549,0.3073308465241927,32.8838247465533,64.9,362101264.8,0.39409980707616965,-2002.0,4450271.1376829,4128667.47538991,166.61386813129775,1465.479642861996,-4128667.47538991,12.53203145709987
44,2022,YR2022,"Congo, Dem. Rep.",COD,102396968.0,3.2234019442495,2344860.0,,62171322678.77467,610.0,154695789146.61258,1510.0,,60.979,6.106,108.06,,,75.7,,56.0,,,,0.8,1239520.0,76.91946161086923,390.89991123301525,130.66793149578413,70422346142.20229,9.31116944064918,9.989076825206581,10.337007473816183,41.957389153237806,40.82032461105977,45.00184457693604,36.68584048482565,13.235247115031843,,0.567707215239695,48.6774,0.723158681595087,38.45228323594896,139.1,10683388144.1,1.3333617894902927,-14991.0,2048156987.53083,1409373841.76263,32.1270608622599,687.7385875546851,-1409373841.76263,
45,2022,YR2022,"Congo, Rep.",COG,6035104.0,2.39665300284304,342000.0,,13072467559.25236,2170.0,35764083586.62128,5930.0,,65.0,4.215,111.227,,,41.9,,65.0,,,,3.2,219160.0,221.19998890791007,627.5859661987449,458.9813199573694,15817030154.694141,1.4753561324713331,18.260898780846574,8.041910694336302,49.245552363231155,63.81214685629249,34.34918983590759,20.97920682552428,,,1.90798488893194,93.6259,4.327226541631775,79.04138689581802,126.7,7329997141.4,9.408376975628203,-995.0,,532256250.0,116.72854902011117,2620.8380426740187,,3.043443346984775
46,2022,YR2022,Costa Rica,CRI,5081765.0,0.429453043658398,51100.0,25.5,67119511464.07468,13210.0,122322718991.07855,24070.0,4.5,79.316,1.335,26.451,,,10.1,,90.0,93.1707916259766,131.907592773438,,0.6,30676.1,20.177918850951357,1009.2152295008389,2142.9562366618684,69243626028.59358,4.5514917795839835,6.280385136802806,4.140073620900854,20.64643811161675,42.40519611443936,39.822336420874954,17.697333649620706,28.891425836901437,3.223488034953989,,154.989,21.974896001181843,56.730131353575885,87.8,,,1006.0,561856358.839611,3673404328.97314,126.19799079942578,13625.900849132848,-3060056476.99041,8.274774902326541
47,2022,YR2022,Cote d'Ivoire,CIV,30395002.0,2.51622934953513,322460.0,,74090311633.56215,2440.0,197617106162.53824,6500.0,,61.562,4.349,93.194,31.9711571456027,,69.2,,62.0,64.6678851501234,54.0714108290486,,1.9,26109.389,58.25530285457637,471.77542480223894,323.7045353706507,70922824813.9102,6.399883627205313,3.00000062873427,16.584333209761567,23.044542347441613,24.267360326229465,28.599030715118857,27.48531153647929,12.045584645153124,,0.865226904910508,161.232,3.556570328724159,48.38780757822996,80.8,31623476790.3,3.359794996435963,26777.0,1428226344.25476,1599115748.83326,64.72947877150165,2333.3712830125887,-1431624506.85757,5.233528561008425
48,2022,YR2022,Croatia,HRV,3855641.0,-0.603521952188318,88070.0,,74682850970.71323,19370.0,161142639517.65588,41790.0,7.9,77.57560975609756,1.53,6.945,,,4.6,,90.0,100.281730651855,105.577796936035,,0.1,19441.1,94.36446367743325,2154.954832667471,4475.520412818517,71196498671.11455,7.294453436426679,8.009950194632907,3.393223879244057,20.06577074821954,59.51204469274206,65.89883328195147,26.227961526324883,38.25741504746647,27.157922595770412,1.80285265162096,114.677,12.063854042863776,98.44585240599272,89.8,,,11681.0,937682353.179114,3927390914.43453,,18465.54144203637,-4326432330.519481,10.7805806758686
49,2022,YR2022,Cuba,CUB,11059820.0,-0.562151275082133,109880.0,,,,,,,77.629,1.412,47.767,62.1,,7.9,,99.0,93.26632130919,103.627148989561,,0.6,32420.0,12.004516702461899,815.6158627988323,1102.097502490999,,1.7746522772431632,14.092658289999079,0.8006722551031208,23.783235638365927,40.4896279061686,53.371147682883866,18.294626539860655,,,,68.718,7.875589131826639,,93.2,,,-23149.0,,,12.531084364445896,,,
50,2022,YR2022,Curacao,CUW,153321.0,-0.408112025783182,444.0,,3140110215.419941,20480.0,4483765510.893095,29240.0,,76.729,1.3,13.022,,,,,,,,,,0.7,,5649.7310433597095,5028.66534916939,3075180834.7241673,6.905999999999992,4.998311636184823,0.2661743942477151,11.189058612384871,,,,,,,92.7325,,84.09261565367277,,,,518.0,132052564.765363,175616794.949721,,20057.140474717537,-157170896.134078,
51,2022,YR2022,Cyprus,CYP,1331370.0,1.06174678712373,9250.0,,29883039273.665203,31810.0,46589311005.044464,49590.0,8.7,80.434,1.393,7.041,,,3.5,,84.0,99.3734512329102,104.005722045898,,,1724.9,132.15358333903953,1682.7049254504457,3848.667162396629,31218038929.091934,8.273725972938138,6.620596857441811,1.1860761260119994,10.375046731534967,104.66609337927952,101.08745036624403,20.595057600675233,38.07774690433413,20.925914067946934,1.72118847605333,151.241,17.659598122901116,53.574793849123104,86.0,,,9014.0,979967014.165103,53889706.601881,,33231.04296875,-5481961858.6905,8.395482979933345
52,2022,YR2022,Czechia,CZE,10672118.0,1.5709725672011,78871.47,,290360740994.0309,27210.0,529395772866.44244,49610.0,9.8,78.92926829268293,1.64,6.913,,,2.7,,97.0,103.109962463379,102.935562133789,,,26807.1,152.34428984825598,3895.629289153953,6363.029344315721,301831228325.55554,2.847170658381401,8.671100879670647,2.076349755002644,29.218573046432617,72.40942814280884,71.60206596658776,31.033301030146365,30.221030963399052,9.544718139279691,1.32690210545667,128.105,21.835361895952587,158.59127720333078,95.2,,,329739.0,5689640348.41622,9143600294.91329,,28282.22367158567,-3471076484.18723,15.10016514683715
53,2022,YR2022,Denmark,DNK,5903037.0,0.787502464739957,42920.0,,425248701927.31445,72040.0,471406384736.878,79860.0,9.0,81.3048780487805,1.55,1.196,,,3.5,,95.0,99.8858795166016,130.326995849609,,0.1,6303.2,373.437264824825,2580.5431918078266,5847.159690850659,400114306337.0766,0.4438326149083309,10.398410494046686,1.002285337296636,20.668856729155408,70.7552148776405,61.2406100314303,24.777203290235313,35.951044794782625,,1.36156457421085,126.484,15.988289228272013,65.20711603353719,94.3,,,60219.0,3860479081.36323,27627359889.4076,,67781.0940939514,1404958420.3505201,7.696566998892597
54,2022,YR2022,Djibouti,DJI,1137096.0,1.40352932560807,23200.0,,3758151635.6478243,3310.0,7672294919.306965,6750.0,,65.54,2.653,19.306,,,52.2,,50.0,,,,1.0,59.644,177.1348237718004,,,3562814908.7614856,5.166537028543743,-0.14775859215451703,2.6310179224764427,15.03087278027378,159.2507355288076,143.03467370273754,-10.595741525143348,,,,46.7771,3.024177420850287,272.22856781441925,91.9,3170133063.9,2.1379309131884914,500.0,1980632.56452529,187022847.623807,53.51884100205805,3133.2577977246297,-187022847.62380698,5.17980847967061
55,2022,YR2022,Dominica,DMA,66826.0,-0.561078261856387,750.0,,651112025.2004842,9740.0,1262353411.6619394,18890.0,,71.081,1.482,34.275,,,35.1,,87.0,96.6589889526367,105.387588500977,,0.5,478.7,28.704847981649756,,,623062962.9629629,10.39680766161213,0.26182367844941723,12.943819957557348,12.606775368995466,,,,,,,85.1899,27.594662663954928,46.22325785991548,62.2,599233701.7,6.102157033399403,-202.0,12217742.2222222,16922305.5555555,890.6748987473648,9323.660894905619,-17650167.777777698,2.884902268293532
56,2022,YR2022,Dominican Republic,DOM,11230734.0,0.959629735113671,146839.46300000002,27.7,102735717829.48114,9150.0,266059249207.66107,23690.0,6.6,74.211,2.267,53.582,,,32.2,,85.0,89.488625928161,76.5283197247412,,1.0,21602.8,13.687326723268399,950.4701052920138,1716.8067554622876,113478087134.79988,5.237956529025951,9.551234734664078,4.153719841887107,30.825542745173827,22.026186619824056,32.35201105146031,30.670557073476328,16.36232174927942,,0.679073001629194,90.376,6.018790558768618,39.35825949105497,93.8,48289508484.2,3.3913116255712827,-35153.0,954500000.0,4050000000.0,32.78632617036794,10104.244934908073,-4098800000.0,8.81109209279587
57,2022,YR2022,Ecuador,ECU,17823897.0,0.796723652034201,256370.0,25.2,116761720110.59775,6550.0,266413017678.13187,14950.0,4.7,76.577,1.861,56.981,,,13.2,,74.0,99.4666279134484,94.1335305764161,,0.4,123692.9,10.978374000886088,904.7399236245194,1589.2708536185999,116133121000.0,5.868423548623113,2.348068434399849,7.393039923554625,29.583590541754234,30.92524569282866,30.95554712595729,22.405905202530466,30.962540531903898,,2.2185152997554702,98.1309,6.711579234057294,56.57903570851247,114.4,60682883622.4,4.665695341679242,-23090.0,636527720.95095,882020803.529517,21.183939336229503,6515.585284183364,-882020803.529517,3.466169722130768
58,2022,YR2022,"Egypt, Arab Rep.",EGY,112618250.0,1.48609697540294,1001450.0,,455137361816.3925,4040.0,1908574709620.605,16950.0,,71.01,2.75,41.852,,,18.1,,96.0,,,,0.1,449.8,5.8558336028981275,902.4884299130204,1477.9487338863817,476747720364.74164,6.587845608869671,10.42578924357447,10.945753522473701,32.711431431303794,15.087025820847943,21.896079056423336,19.85591329295505,,8.149584851769207,1.01475596559521,90.6795,3.4020498750804142,30.82343002868983,118.7,163111452414.1,3.8891759119188114,13707.0,395400000.0,11399900000.0,51.669287927633846,4233.307837448563,-11058100000.0,13.89566097751779
59,2022,YR2022,El Salvador,SLV,6280319.0,0.39146192798287,21040.0,26.6,29588979933.493454,4710.0,70027629768.17375,11150.0,5.6,71.969,1.785,54.881,,,10.8,,80.0,79.718625498008,65.2267824913058,,0.4,5748.8,14.112202207024284,768.6834294921467,1109.9754646220997,31870120000.0,2.9546151654988932,6.58456346218459,4.558752838081563,23.731947040048798,32.43348314973398,56.267626227952704,24.471574000976464,28.191923971418998,,1.43329011743175,183.249,7.850018887340596,76.00536176205172,91.6,21188282065.6,11.270755565484803,-23255.0,274944407.759998,26235086.5900005,112.92954729576141,5074.602102218056,-143212254.252316,7.198616156098668
60,2022,YR2022,Equatorial Guinea,GNQ,1803545.0,2.5130374213272,28050.0,50.7,8235168490.483199,4570.0,21344996864.263313,11840.0,6.4,63.355,4.17,152.146,,,73.4,,49.0,,,,,24317.0,503.1929831014983,1283.9351679017047,744.6445749898118,13687643435.6249,3.2235083165859777,22.10040872604546,2.4897830321452545,56.21099906178355,52.967085202511456,28.84593093429844,7.338154704371537,26.449875779906627,,1.3031878031878001,49.538,,61.712595303402985,195.7,,,3997.0,,1388191640.0,6.885356764589295,7589.299649093813,,4.78671704710803
61,2022,YR2022,Eritrea,ERI,3409447.0,1.75351368458045,121765.8,,,,,,,67.789,3.786,65.724,,,36.6,,93.0,61.2794189453125,44.0441284179688,,0.5,10489.4,,289.547794683649,102.3626412142497,,,,,,,,,,,,59.1248,,37.03167701803004,100.5,727107699.5,,-17134.0,,-32045670.0,18.621044675217185,,,
62,2022,YR2022,Estonia,EST,1348840.0,1.33655151148286,45340.0,22.5,37197345918.06058,27580.0,62956030035.17296,46670.0,7.7,77.84390243902439,1.41,5.344,,,2.2,,87.0,98.5223922729492,112.551849365234,,0.8,24384.0,23.52352896235322,3559.0489316047788,6464.072832952759,38226641740.29003,-1.2261696658779613,16.844809078341044,2.446408599978728,23.090768453378615,87.4299380839503,88.25718142128987,27.72790898700741,35.10516411881162,,2.1348521096382402,152.271,18.01864383156159,129.80999046981287,98.5,,,39754.0,332424142.586256,1877817161.42291,,28340.382654940564,-164683262.654944,19.39826340806162
63,2022,YR2022,Eswatini,SWZ,1218917.0,1.01620740015869,17360.0,,4453526872.5176525,3650.0,11934668740.592226,9790.0,,63.028,2.801,69.773,57.7,,46.2,,83.0,105.578895575489,88.2913589477539,,25.2,4999.8,4.217874615266134,958.916943750887,1137.0749608053707,4746660273.5082855,0.3860708355627054,8.86865470026568,7.571169567231569,34.68637830989918,44.49539372138732,48.07619340844603,22.092560453843866,,,1.65499533493805,121.492,0.3159117701799301,86.69253249419044,81.9,1247997284.2,1.9484870675254968,-8549.0,40562436.16923,13350248.3032889,80.09359243184728,3894.162008986901,-35061312.444035,
64,2022,YR2022,Ethiopia,ETH,125384287.0,2.62269500936104,1136239.7,,120562000166.70862,960.0,355094428987.1171,2830.0,,66.897,4.082,71.137,,,48.2,,62.0,60.9011228426355,,,0.8,169225.0,9.642394480697442,377.9217527310922,92.43582491321261,123140304666.0,5.321759884033781,34.66660500044699,37.642226838503476,22.717526959086662,8.243960377989017,18.35153931874226,25.342226825443575,5.055719178936663,,1.50594072756186,56.9643,3.210265749360578,18.37984733056223,100.5,30620768251.9,1.6421628904119503,-11996.0,20498638.923725,3669991332.17485,39.3212827066102,982.1031615069917,-3669991332.17485,33.88987971008983
65,2022,YR2022,Faroe Islands,FRO,53912.0,1.14918061925921,12960.0,,3933511113.1319413,72960.0,4157999407.921654,77130.0,,82.94390243902441,2.0713,4.767,,,,,,,,,,0.8,,,,3615241800.5005755,3.860999816691546,5.8965035432858315,18.735829880384646,17.73121726213744,61.37440387772652,61.488937534203735,32.32350871706669,,,,105.804,,,103.6,,,614.0,,,,67058.20226481257,,
66,2022,YR2022,Fiji,FJI,919422.0,0.295294727557318,18270.0,,4829525699.551073,5250.0,11301178213.254747,12290.0,,67.148,2.305,21.271,,,28.9,,99.0,116.083625348934,95.3068339697491,,0.7,11533.8,57.30432367432985,,,4977861885.603162,17.745126977359433,8.074052680280658,14.192894883330442,17.79381838423843,,,,20.770709790752214,,1.3609076994601499,111.749,2.241245877544534,81.40041031911885,89.7,2988044051.5,4.087647093808144,-3557.0,13569840.5048403,103581591.564163,392.6856141408504,5414.120921190881,-86910439.13607879,4.320118562430558
67,2022,YR2022,Finland,FIN,5556106.0,0.271944526506117,338470.0,12.2,300681438877.6609,54120.0,343885398856.2926,61890.0,9.3,81.1878048780488,1.32,3.221,,,2.3,,94.0,98.3830795288086,144.852462768555,,,224090.0,85.22353424158642,5683.9510215791415,14738.199739169842,280253099309.3396,0.7630419127635264,6.1727807570279225,2.241343678959926,25.180829278373757,46.284780280684615,48.27775377158209,27.285400266781895,37.18150562684352,,1.58854518946055,128.023,9.62392843667484,65.4401326700647,96.5,,,60353.0,1479117309.79437,13079164235.1595,,50440.56022497404,8978038357.68396,7.123507733014024
68,2022,YR2022,France,FRA,68184457.0,0.502320929337976,606410.0,,3136847668204.391,46010.0,3930636934420.0913,57650.0,7.8,82.12926829268294,1.79,3.979,,,4.3,,95.0,,104.316436767578,,0.3,174198.0,108.4924238200877,3100.189781593201,6649.389317568372,2794788137066.937,2.716762641859134,3.0181842077809904,1.7201713701883332,15.769153788104976,36.61604842687852,39.34695937132112,24.023352398412477,44.27899170353307,,1.95772067476703,115.951,22.983183444706302,51.6560443653201,94.8,,,179377.0,18405718078.6418,112295479269.655,,40988.639640657944,-9303583097.82188,5.222367483697351
69,2022,YR2022,French Polynesia,PYF,280378.0,0.209222276724143,3471.0,,6770082339.633209,24150.0,,,,83.859,1.515,24.725,,,,,,,,,,1494.6,,,,5622688338.063168,2.937347071632203,2.489310027803839,,,21.817121738598907,47.709280583545315,22.506743402750022,,,,116.866,9.982096391702767,41.38589692491431,89.3,,,-1348.0,,-9480300.0,,20053.95693693217,,
70,2022,YR2022,Gabon,GAB,2430747.0,2.24763901253797,267670.0,,18060756451.41577,7430.0,44956865249.51091,18500.0,,67.713,3.712,93.319,,,34.1,,52.0,,,,3.0,235068.4,114.06655270375873,2096.2456480630976,1065.1046776978435,20440655695.180443,3.0376144953065705,14.758342683153344,6.506169415816745,56.12974144127358,67.57873319345681,24.484355656556268,16.026940487958342,,,1.3582460776711,123.233,3.9075849423199847,71.08382537565038,135.4,7990531656.9,3.0958802679686928,987.0,,1104592040.0,55.449173940359906,8409.207414502802,,4.231247982745795
71,2022,YR2022,"Gambia, The",GMB,2636470.0,2.31992109797091,11300.0,,2178025785.04584,830.0,7972453234.015499,3020.0,,64.859,4.078,59.158,,,45.6,,74.0,80.3316960766479,,,1.4,2312.011,18.44197736313427,,,2204734527.88096,5.492998230101136,8.817075803768958,22.860438578159258,15.58896952629566,8.569850632265934,36.152070904680656,28.623649207263462,,,0.705923163360025,106.782,3.2124882300216684,38.553394490399796,95.6,1179606116.4,1.9062547299861163,-3000.0,21148937.0619008,231488000.0,103.3232776871453,836.2448758684757,-231488000.0,11.51311983805049
72,2022,YR2022,Georgia,GEO,3712502.0,0.104889950638883,69700.0,15.6,21107767052.276005,5690.0,77588062040.688,20900.0,7.0,74.141,1.82,21.511,,,9.3,,90.0,110.788199031264,103.710205488304,,0.4,28224.0,16.465417675558943,1543.5837998241132,3682.9609788762405,24984568959.604965,10.95853213856239,8.135450143848061,6.632355201756794,21.329779714521,52.478879220422726,62.21655846829536,24.06666277793028,26.489157287949496,,1.60787681983081,154.014,2.9492009025545625,76.53924320614878,95.3,23319530472.2,13.294833174309417,26999.0,290325550.37,2257736899.85,101.49529432019081,6729.846599302833,-1892565423.94,11.89816542031976
73,2022,YR2022,Germany,DEU,83177813.0,-0.0219565701848977,357600.0,,4591309344658.361,55200.0,5869168290167.315,70560.0,,80.6080487804878,1.455,5.577,,,3.7,,96.0,97.7584228515625,100.81729888916,,0.1,114190.0,144.52965093076284,3261.8564081995037,6316.275711649211,4201021706478.6157,1.8092581243060977,6.413159108302963,0.9946382780324812,25.560348825259,45.62840434251853,43.15734987053158,23.276014628802898,28.500973833092274,44.98105632460433,1.3503051456175599,124.158,17.49815055736594,77.60233647382594,96.2,,,981552.0,22241969839.1234,87215414562.4594,,50506.51796385433,63702049813.4611,6.872574385510968
74,2022,YR2022,Ghana,GHA,33149152.0,1.92029034344132,238533.0,,79506151356.93385,2400.0,234844840098.8152,7080.0,,65.246,3.434,58.808,36.3,,38.5,12.0,95.0,93.4155248289227,77.8168696801948,,1.6,80001.61099999999,47.305138755503016,359.17937905230576,552.5028211883067,73919003209.98665,3.8048498095216416,28.183872813714004,19.513638202715818,31.470050505778985,34.66404355335874,35.45141224253198,16.407852014614637,15.550550687532297,8.744246701539318,0.33794635594002403,120.803,1.9574071685201435,43.1512853459185,111.1,43607006146.1,8.063117228427556,-10003.0,740779190.497067,1428411737.133,31.66949472889231,2229.89122647803,-1472569630.3150902,31.25589510490163
75,2022,YR2022,Gibraltar,GIB,37609.0,2.01706920456894,10.0,,,,,,,83.517,1.895,8.477,,,,,,106.040268456376,72.4222793579102,,,0.0,,6522.234992593315,5424.2335611156905,,,,,,,,,,,,97.6043,,,83.6,,,613.0,,,,,,
76,2022,YR2022,Greece,GRC,10436882.0,-1.25988945727074,131960.0,,229402087323.05295,21980.0,401399081509.65845,38460.0,7.2,80.78780487804879,1.32,6.941,,,3.8,,94.0,99.3498992919922,106.21671295166,,0.3,39018.0,21.34987189837485,1957.7987205050322,4827.7828569873645,217990189600.68958,5.521985805894076,6.285412434254781,3.784907319482119,16.72011434961113,49.231620558950326,58.89022267097209,18.80941146317829,45.242068179736364,27.081622392337813,4.00035246143373,109.027,14.470865176220709,72.39270734571662,93.3,,,-53997.0,2937323542.57293,8057970156.10279,,20886.524308762862,-5435536320.38417,9.645259812806318
77,2022,YR2022,Greenland,GRL,56661.0,0.0141200557976914,410450.0,,,,,,,71.54048780487807,1.818,36.42,,,,,,,,,,2.2,,,,3152334771.7799163,2.004555808656036,5.606496690913048,16.02589391385432,19.511888964602086,40.79008714987627,52.575045726786925,37.840709392819996,,,,118.637,,61.09757178208945,89.6,,,-323.0,,,,55635.00064912226,,
78,2022,YR2022,Grenada,GRD,116913.0,0.192636221230939,340.0,,1167279540.718302,9980.0,1908011226.3650355,16320.0,,75.151,1.502,29.357,,,18.5,,76.0,,,,,177.0,77.99335363254075,,,1224007407.4074073,7.31023806981959,1.6398518524720345,4.120042846509038,16.14036467946817,,,,,,,95.7592,2.1771874895919696,51.14348133937704,77.7,853727574.6,4.6899419459768925,-190.0,51691057.4074073,162962004.814814,-800.9245883599411,10469.386701285634,-153212042.222222,2.580539259079196
79,2022,YR2022,Guam,GUM,165180.0,0.881705873116992,540.0,,,,,,,77.102,2.819,33.902,,,,,,,,,,280.0,,,,6910000000.0,5.099864262167927,5.465179050250541,,,7.88712011577424,63.97973950795948,,,,,,,18.422575976845152,112.3,,,-500.0,,,,41833.15171328248,,
80,2022,YR2022,Guatemala,GTM,17847877.0,1.40623710213146,108890.0,,93112169261.94456,5220.0,227235232363.15488,12730.0,,71.206,2.343,69.116,,,22.1,,86.0,86.5454469268622,45.8926232164663,,0.2,35046.0,23.544898891171066,887.8389253261998,669.8835945586134,95641446500.65228,4.1845181724369525,6.372053498424847,9.082101418286175,22.6306600546867,18.945499982306266,35.48553849969953,16.5685319618267,12.893685488591277,,0.461665961921935,115.156,4.971624031709513,49.98983364359083,94.0,25269486615.2,4.425274122455885,-8463.0,23852430.0,1450072830.0,24.616655611415634,5358.70156997677,-719823040.0,6.885128233442869
81,2022,YR2022,Guinea,GIN,14055137.0,2.48250409145397,245860.0,,18059938901.632492,1280.0,56104396764.924934,3990.0,,60.432,4.303,120.438,,,97.8,15.0,51.0,,,,1.4,61090.0,15.594924658357314,,,19910452541.92191,3.9724078420072146,2.8055829238949457,28.381973713968524,26.502930068651086,45.41865143173539,48.7466212613867,14.014221565417657,,,2.18865717393084,108.885,,68.28574072524627,121.7,4903692018.9,1.073013003426212,-3997.0,134925700.0,658300000.0,35.739602695230296,1416.5961201176417,-650100000.0,10.49304099844241
82,2022,YR2022,Guinea-Bissau,GNB,2105529.0,2.24235388639993,36130.0,,2014961901.2915092,960.0,5901167919.503966,2800.0,,63.605,3.911,83.159,,,71.6,,75.0,,,,2.4,19631.3,9.058600852360964,,,1859601384.0592759,5.529872530583518,3.881040790780247,39.57595454523454,12.680719479445415,14.724843666134358,31.033651559151416,22.608438236688027,10.6893039431246,,1.39829187831807,125.935,,38.39532526274141,93.3,1250735517.9,3.4389495813818534,-1400.0,78747312.3516105,21658003.8438931,71.1014918587006,883.1991314578312,-21122877.897936,9.39075933985203
83,2022,YR2022,Guyana,GUY,821637.0,0.751934221097092,214970.0,,8039637662.385753,9780.0,19759668365.02946,24050.0,,69.888,2.437,71.313,,,26.6,,97.0,,,,1.5,183969.31100000002,9.876099285887742,,,14718388489.208633,63.3346343654855,12.060448919606273,10.029835921980823,67.82064166132254,,,,,,0.601394233025198,112.565,0.12395410932018577,101.26788004629847,156.0,2070108385.6,1.5921119239967116,-6161.0,169184475.554228,-2996952015.17,244.00795231235085,17913.492806687907,3001628693.17,6.115055501099348
84,2022,YR2022,Haiti,HTI,11503606.0,1.12789828650149,27750.0,,18641005782.19708,1620.0,37723086536.925545,3280.0,,63.948,2.699,50.589,,,56.9,,66.0,,,,1.7,3410.8,9.970226379744444,377.5260604186348,74.84609608500152,20253551920.551617,-1.6819839689797789,29.78495244690609,20.275349314177173,29.341138031726743,7.2387601158694235,29.290790167958587,15.862139420419593,,,0.06874085760279121,65.1889,,29.150442466385922,80.2,2965270069.1,0.1735737924185635,-32220.0,725386292.381882,39413200.0,78.1562365962546,1760.626356687774,-39413200.0,33.98393194707002
85,2022,YR2022,Honduras,HND,10463872.0,1.67679658023776,112490.0,,28217097886.46003,2700.0,65532093618.44891,6260.0,,72.715,2.522,82.781,,,16.0,,77.0,68.2378429977913,53.8605804443359,,0.2,63173.6,16.162833000483236,573.3444450829033,757.0811263746346,31426041806.798485,4.143561940137673,9.31239503002736,12.473273024445541,25.908424768948844,42.43918179489615,70.25934311907005,26.326231741088073,,,1.46557698015697,75.8551,,97.37783774404507,95.2,12638567154.6,5.780582365081054,-5374.0,338519060.914976,758286498.804818,75.25685409558776,3003.289968263993,-737736078.76747,9.08963911525025
86,2022,YR2022,"Hong Kong SAR, China",HKG,7346100.0,-0.907914524343304,1110.0,,396669306701.3902,54000.0,537286955249.9464,73140.0,,83.66097560975611,0.701,1.13,,,,,,105.857142857143,106.185208398621,,,,,1566.3961348760158,6374.674997617783,358679533984.7182,-3.6837841449519857,1.6886487768470744,0.05290197221827652,6.26265366403118,194.4865180071407,190.39462521658302,15.229929557784368,,1273.2282238870569,,292.808,72.63677264372393,356.16166492912527,99.9,,,-3427.0,901370910.144518,122407913138.418,,48825.84418735359,-3405694645.9720397,1.881367071968528
87,2022,YR2022,Hungary,HUN,9605074.0,-0.268850150860009,93030.0,,184404329996.66376,19200.0,411255897640.13104,42820.0,,75.86829268292684,1.56,18.766,,,3.9,,99.0,97.4241104125977,102.908576965332,,,20500.988999999998,33.73218016079036,2672.8676552920256,4702.93097169267,177002580544.15546,4.152380577792286,13.967890951606847,3.1431003385209473,24.23308453634809,89.77194748588728,95.2282566068112,34.36136665323031,37.94440654392154,13.483989852931034,1.83314817173654,105.794,18.40489172584307,178.9849611378792,93.8,,,41871.0,1074581930.91959,-1917371461.47156,,18428.02882561399,-4005856025.97228,14.60814394924334
88,2022,YR2022,Iceland,ISL,382003.0,2.51377343254216,103000.0,,28148067503.58127,73690.0,27827248472.235283,72850.0,,82.11951219512197,1.589,3.515,,,2.6,,91.0,98.9451065063477,112.589393615723,,0.1,526.6,75.88275621879762,15806.784836899606,51258.759747960095,29166102877.27552,8.82069395623492,8.831749534321688,4.087985893246202,21.450379154798927,46.74162166650132,46.30709829499997,24.25113521223537,30.666735976099197,,,120.115,33.31162925425808,58.218268211725324,100.0,,,6535.0,456959477.427949,1382537404.59093,,76350.45504165025,-1134666577.1977801,8.308755115589202
89,2022,YR2022,India,IND,1425423212.0,0.790200540609834,3287260.0,,3404829101289.6455,2390.0,12943322775945.055,9080.0,10.4,71.698,1.994,14.185,,,29.1,,95.0,,81.6558464317379,,,726930.0,4.619056389131214,727.9022000940238,1085.3352092038192,3346107287730.9272,7.609364977688955,5.897141858911326,16.546129592575387,25.384519562946117,23.25154120452979,26.8237289453584,33.61925853889836,9.11011784382656,101.23305616709773,2.3830980983588197,80.1818,12.682279480728722,35.081242143793276,81.4,615514904164.5,1.9910299648083805,-1353478.0,10088812317.3667,49940258404.2659,1.9770029660277133,2347.4482943462317,-35408008686.0269,6.699034140798518
90,2022,YR2022,Indonesia,IDN,278830529.0,0.746050469653246,1916906.77,9.5,1261521639064.3335,4520.0,3875488644872.1455,13900.0,7.8,70.925,2.149,26.581,52.4,,21.3,16.8,92.0,102.068055782043,97.8167602714893,,0.4,909221.311,5.040844488288913,953.6539285068602,1330.9876839203644,1319101183380.1516,5.307197226647986,9.568987563469335,12.399650163410755,41.42926417609789,24.50291168628321,20.96175850966211,29.74531382122593,,46.265472102462745,0.76801260357697,122.873,8.308193067098319,40.13535933940746,124.9,395986001909.7,5.875314183988634,-37501.0,7947567826.12342,24702029705.0926,2.3945863433608054,4730.834848361069,-18067207971.4473,4.209464637147842
91,2022,YR2022,"Iran, Islamic Rep.",IRN,89524246.0,1.20100285857304,1745150.0,,393298446872.43976,4390.0,1567520703123.1943,17510.0,7.2,76.799,1.704,26.291,,,12.2,,99.0,,,,,107760.0,5.26388550363147,3266.122486604545,3664.258730534296,422662261525.66516,4.352810875213436,51.07765551898382,10.695041770619452,41.21877790513275,25.566618517499514,23.351732304805683,40.725573351216205,,381.6391707595242,2.11062130699384,162.713,0.8140079231973251,37.05937677865963,131.8,9459955524.4,0.04178502857269862,403190.0,,1500000000.0,3.249402050866623,4721.2043709998425,,43.48846417421787
92,2022,YR2022,Iraq,IRQ,44070551.0,2.29369659225826,435050.0,,242777399394.97263,5510.0,632136749677.6301,14340.0,,72.037,3.294,58.979,,,23.3,,97.0,,,,0.1,8250.0,4.584306035522533,1411.5886986739285,1373.1164831590147,287372232137.931,7.959048049926622,26.94161094922181,2.0587062138837426,65.27212455945093,44.525946214534144,24.23284787955586,24.314860122715103,,,1.64001134527485,99.1324,,60.283834214312634,143.5,22722727263.8,1.62045062896549,76821.0,633000000.0,-2088200000.0,35.64476698928452,6520.73154560584,2326500000.0,4.994765963810435
93,2022,YR2022,Ireland,IRL,5212836.0,1.98101664069715,70280.0,,396010877094.1826,75970.0,485560147308.9798,93150.0,8.9,82.50975609756098,1.54,4.151,,,3.7,,90.0,96.4699478149414,133.150497436523,,0.2,7900.2,304.71109892764025,2600.1574064376855,6107.0403902981025,548341794599.08966,7.511138884153041,8.004077185503661,1.172815303261239,40.75644760257201,139.5059805386978,98.24943902068003,22.884085640508573,21.570079818555595,,0.212502380914468,110.609,46.7867801497714,65.91235677452772,71.1,,,93535.0,2400590814.38041,-35575910807.5925,,105190.68595273084,27133483179.2781,7.829457364341047
94,2022,YR2022,Isle of Man,IMN,84132.0,0.0309085940239317,570.0,,6599683417.937375,78440.0,,,,80.956,1.556,8.827,,,,,,,,,,34.6,,,,7431257410.927127,-4.165393452132321,9.096474979313143,0.37246678301554126,6.936464027000193,,,,,,,,,,,,,199.0,,,,88328.54812588703,,
95,2022,YR2022,Israel,ISR,9557500.0,1.96636884788361,22070.0,,529962661359.1231,55450.0,511493550573.508,53520.0,,82.70000000000002,2.89,6.737,,,3.4,,98.0,94.9119567871094,96.5853729248047,,,1400.0,,2501.420642648067,6842.793617577819,525181008025.57025,6.263263438412864,4.935303640087625,1.1618336562619018,19.42694297994659,31.38532809686413,29.25952457743111,27.282152171809095,33.24278109299986,51.34178233400088,4.433012200579229,151.138,29.109054041052346,34.4365080298552,91.3,,,50004.0,3600600000.0,22883500000.0,,54949.62155642901,-11928200000.0,4.41162725488371
96,2022,YR2022,Italy,ITA,59013667.0,-0.20230086688254,302070.0,,2304963826976.636,39060.0,3350103331871.4033,56770.0,6.8,82.70000000000002,1.24,2.988,,,2.8,,94.0,97.1534576416016,101.353858947754,,0.3,96737.5,59.20387511232148,2411.651724173114,5215.690121408656,2104067630319.4634,4.821176699135648,3.455359171347709,1.890371751256686,23.279144111179946,35.09914004125776,36.9173622620119,24.597729832239327,39.60766991149371,,1.65164252620196,131.674,9.15916231271025,64.29745795740382,89.9,,,231228.0,11587287040.3139,61897757337.9736,,35653.9042103495,-14640400570.1976,8.20128991161718
97,2022,YR2022,Jamaica,JAM,2839144.0,0.0515076570013975,10990.0,,17994404982.0658,6340.0,33117099098.56144,11660.0,,71.481,1.372,36.812,60.6,,19.3,,91.0,,82.8584671020508,,1.2,6046.611,12.637590308437003,968.879419803617,1147.5289735215968,18813516805.214046,6.439303236561855,12.656896989370097,6.799796847252276,17.449449124856486,,,,,69.38282796963483,1.2899994472516,105.762,1.4709847551675832,51.19723281789905,113.3,15812061001.6,8.426876817214318,-10003.0,363448201.39061,318736000.0,34.03153824605948,6626.475023885385,-258446000.00000003,10.34956883912716
98,2022,YR2022,Japan,JPN,125124989.0,-0.443851919148528,377969.27,,5334916887561.312,42640.0,6296338124328.882,50320.0,,83.99634146341464,1.26,1.821,,,2.4,,98.0,,102.337966918945,,,249350.0,56.89235356029922,3129.6586171749914,7800.080605801292,4262463317796.528,0.9419987754832846,0.39904896876275586,0.9218813001109712,27.71743745829661,21.546424123916605,25.266562712977205,26.775574213300125,,126.2292495875701,1.00994395391657,168.603,18.259261535190227,38.56948148118886,79.3,,,175003.0,4529698512.68931,48153832744.0586,,34065.64389625263,126789609309.09201,2.497702781722547
99,2022,YR2022,Jordan,JOR,11256263.0,1.70151702842564,89318.0,,49249595198.89796,4380.0,110584589350.14922,9820.0,,77.088,2.679,18.875,,,13.6,,86.0,95.7803619127955,90.9912658899133,,0.1,975.0,46.33240637087352,754.3055031178651,1790.6475710455593,48764963380.28169,2.6474351491205823,2.6160732013135117,4.817844571160014,24.488201584582608,42.537467156343254,61.55799228284542,,23.457733045695125,52.1461275418128,4.7983769063779995,67.7457,1.4496882666855755,82.32139884315465,100.0,41170195546.7,10.449351200165502,-17445.0,522253521.12676,962535211.267605,176.5708850541694,4332.251598979315,-840563380.28169,4.229155688971175
100,2022,YR2022,Kazakhstan,KAZ,20034609.0,1.46316879039749,2724902.0,5.2,188688263602.4776,9420.0,637771921845.051,31830.0,,73.503,3.05,18.412,,,9.8,,99.0,100.5284526481,94.0433413378673,,0.3,35131.589,8.874056044264139,3506.5455500538646,5271.527884572142,225496328925.4941,3.1999999997073445,19.769006480249217,5.247144807300736,34.97939742375806,41.569008904154444,26.765305837406782,24.97590957918042,16.887760573627627,20.3056476432168,0.517435849596282,125.642,32.26664971102692,60.101643625772404,144.4,169570449960.3,24.89389827810249,45755.0,2754164513.83549,5081682329.11,3.727745032836443,11255.339643788113,-7934610132.91,15.0278644440851
101,2022,YR2022,Kenya,KEN,54252461.0,1.92297608206469,591969.0,39.8,117689640763.89378,2170.0,314271691878.34845,5790.0,7.2,63.549,3.262,57.272,62.5,,41.1,9.8,89.0,,83.7738192286218,,3.4,36110.9,23.51386682232763,541.12804988998,189.35546536773697,114448978152.6374,4.859981042879994,6.957054456312179,21.036192064993276,17.52744809684349,15.957028362946918,24.31829547440918,19.05406385136092,17.882609486597197,14.07411429966429,1.01020520038813,121.169,2.260738110257122,24.969205021549126,86.5,41556299639.8,2.9611057740299134,-10003.0,11426138.3552769,791581760.055161,48.64968677411703,2109.562885131375,-250399759.4563,7.659862682722239
102,2022,YR2022,Kiribati,KIR,130469.0,1.61644031663411,810.0,,470818753.7653346,3610.0,719769320.9472183,5520.0,,66.269,3.182,45.011,,,56.5,,85.0,104.610655737705,88.6853008111105,,,11.8,,,,270040453.2540176,4.566325931003718,-1.9586692131741756,27.472981040950913,10.60269748082077,7.604776311224312,100.08110170468494,20.15784270263612,66.12739400669291,,,49.112,,78.13644120998408,107.2,,,-395.0,1612317.12142487,4270167.12694067,697.8906326908537,2069.7671726924987,-4252892.43533516,5.345954409089039
103,2022,YR2022,"Korea, Dem. People's Rep.",PRK,26328845.0,0.366471008261931,120540.0,,,,,,,73.641,1.797,0.525,,,17.7,,99.0,,,,,59880.0,,640.5142780270307,829.7743406518592,,,,,,,,,,,,24.1311,,,163.0,,,-1997.0,,,0.5163163886522785,,,
104,2022,YR2022,"Korea, Rep.",KOR,51672569.0,-0.187486566698935,100440.0,,1993924290011.2747,38590.0,2880007887458.018,55740.0,,82.68048780487806,0.778,0.651,,,2.8,,97.0,96.0156021118164,97.8181304931641,,,62670.0,63.37444727012227,5411.97477731382,11705.630505810539,1799363116866.521,2.727564567089914,1.8078503190031086,1.4483461547481982,32.51125805072465,45.294860984132974,45.29028654372195,33.32548692723476,29.772922877086334,91.39386956334904,2.57642560395009,148.684,36.11827893121698,78.6364345660289,85.5,,,87800.0,8568600000.0,25044700000.0,,34822.40484049711,40754300000.0,5.089513650628416
105,2022,YR2022,Kosovo,XKX,1768096.0,-1.01194530149251,,,9902240729.204947,5600.0,24986820599.31497,14130.0,4.5,77.623,1.555,8.0,,,9.5,,,,,,,,,,,9354907646.297848,4.278498958275435,7.1987107549257985,7.392605461026401,27.244181391807547,38.62565701487917,71.38637460434656,35.23264596586653,,,1.1500461457350901,34.5402,,,,3660395633.4,3.193528513412837,-28588.0,60712231.8666468,764162311.373721,216.31341885565038,5290.950065097058,-580579735.539785,11.58051045420125
106,2022,YR2022,Kuwait,KWT,4589643.0,5.11318110910574,17820.0,,179549952220.70966,39120.0,288419747870.4645,62840.0,,80.58780487804879,1.546,1.671,,,8.8,2.9,99.0,,,,0.1,62.5,158.41051894018105,9129.597986290046,16570.569867852468,183502046693.87753,6.758667119666171,17.63352169308277,0.40246023889980104,65.76632895806056,60.44930630706434,30.471105389955248,16.549312161773,,83.20507196015608,4.51075426849442,168.35,0.7163548082807456,73.32506771680019,164.3,,,368560.0,17744092398.6186,752255305.966946,,39981.769103583334,23796283534.2816,3.980649619903132
107,2022,YR2022,Kyrgyz Republic,KGZ,6975220.0,1.7936545985598,199950.0,,10727385192.917633,1540.0,44857189454.00433,6430.0,10.0,72.04878048780488,2.8,28.854,,,17.2,,94.0,96.3445694918938,,,0.3,13518.6,1.0970817589894035,645.0142461718125,1971.4073534598192,12134931017.946526,8.96750520041391,19.657284242177425,10.996805665197739,24.19414219776426,46.33727183077922,87.44944621798636,35.64068817998155,29.87914900553968,,2.9043700059740702,106.926,10.554052011145705,99.36603662737966,107.8,9745837593.4,5.144356511072768,12596.0,1223920041.47718,54849000.0,105.40379524151655,1739.7201834417447,-509461000.0,13.92290931741758
108,2022,YR2022,Lao PDR,LAO,7559007.0,1.40971670105791,236800.0,,17366641629.524628,2300.0,61306975814.456566,8110.0,,68.715,2.455,82.431,,,40.4,,65.0,88.2502219689641,56.8782044614964,,0.4,165265.0,2.6626732274403047,815.0865404428558,1263.525751464445,15468785203.753174,2.707426526431547,15.7739459226011,14.868882228227642,34.108979734211154,,,,13.913988523688362,,,63.3546,9.517677832973263,99.82684352132141,181.2,18494671983.0,9.418629927970914,-10003.0,148056417.379577,726273736.492143,72.4081617161528,2046.4044025562052,-726273736.492143,22.95622251320559
109,2022,YR2022,Latvia,LVA,1879383.0,-0.271369577775699,64590.0,22.5,38772116667.73636,20630.0,73792353285.05441,39260.0,7.1,74.27804878048782,1.47,8.61,,,3.2,,96.0,98.4483032226562,104.764526367188,,0.6,34185.3,179.08278545011171,2256.1190453886675,3714.5169451889265,38003198508.91065,1.9085341902980133,9.692465702593438,5.114110384568705,20.581400181884987,77.50148384232865,82.39129434832027,24.6702240089291,30.93887733403826,,2.25461931057619,115.203,17.550589370940063,141.04339135410436,103.1,,,22027.0,593085475.933442,1217386449.16126,,20221.103686109032,-1385206180.7224,17.31028301988148
110,2022,YR2022,Lebanon,LBN,5744489.0,0.460053063032864,10450.0,,23737045115.442303,4130.0,67267845655.438614,11710.0,6.8,78.003,2.263,21.109,,,17.3,,67.0,68.126669142746,64.5017084327233,,0.1,1445.3,18.733109969192547,617.4829989934127,680.652360897549,20992421948.808086,-0.6216789706631118,112.149478998819,1.189573262952201,2.3907620997539305,34.8287792460469,80.05949901961958,1.2251714470648933,,,1.39503764342103,74.0148,15.133219943969994,114.23169779302928,89.0,67100895977.6,19.027624090369855,-27507.0,1736872523.65617,526838753.906365,248.49797718898583,3654.358455348785,-460686777.119609,171.2054913366413
111,2022,YR2022,Lesotho,LSO,2286110.0,1.08048016923391,30360.0,,2911703582.318046,1270.0,7579026644.155367,3320.0,,56.812,2.716,71.785,,,61.5,,84.0,70.5758666992188,,,18.9,345.2,50.49898435797184,,,2354980960.0269704,2.3877802018628387,5.530054967061986,5.950853937303417,30.488741463072593,46.50638221537211,95.86759885885672,27.37700814833226,35.960082136113016,,1.47290152655986,68.1001,0.0925726266687245,116.77376788509177,78.7,1809413920.0,2.90606212530646,-6023.0,3343278.11780442,-7820069.16054049,67.24450377257918,1030.1258294775712,7820069.16054049,8.27180389943028
112,2022,YR2022,Liberia,LBR,5373294.0,2.14388170425267,111370.0,,3646932009.540627,680.0,8521384044.389466,1590.0,,61.934,4.016,127.332,,,75.1,,79.0,57.8457350008007,,,1.0,75569.2,23.496843224089393,,,4001047000.0,4.808105172906551,8.666208540815347,36.2030463526172,20.688547272751357,,,,,,1.31348766985405,32.0639,10.267997840320069,68.65702902265332,113.9,1921937046.9,2.237631224028918,-5003.0,127286357.5646,960192468.672831,90.3526861978628,744.617175237387,-960192468.6728309,7.592984865603134
113,2022,YR2022,Libya,LBY,7223805.0,1.23450447871795,1759540.0,,43429068663.61007,6010.0,88865851941.58261,12300.0,,74.462,2.402,6.079,,,10.5,4.3,73.0,,,,0.1,2170.0,8.843707774790168,2539.198138362234,3979.066433825387,43246297921.84992,-8.299818111987946,42.77208874269229,1.6864376993735348,76.83807986471425,91.98092350782122,64.34076117452629,10.52019701948576,,,4.34666046441666,192.973,,127.92540092096161,146.2,,,-2001.0,2519400000.0,702000000.0,36.6750923952561,5986.636948512581,-641300000.0,4.510301492357032
114,2022,YR2022,Liechtenstein,LIE,39493.0,0.790598334689517,160.0,,,,,,,84.1219512195122,1.47,1.631,,,,,,,,,,67.0,,,,7426856242.773598,,,0.16921905406548776,39.353301181713064,,,,,,,126.307,,,,,,212.0,,,,188055.00323534798,,
115,2022,YR2022,Lithuania,LTU,2831639.0,0.824789131191284,65286.0,,67277164900.76667,23760.0,137360629500.63446,48510.0,6.8,75.64390243902439,1.27,6.23,,,3.5,,87.0,100.605529785156,106.918357849121,,0.2,22038.889,178.03345947186892,2453.939932602592,4416.1702815930985,71033884499.78238,2.537525740115342,16.066542820715668,3.9279382912553973,25.639869588622204,86.7798492943433,88.87176285674944,28.075306101222573,33.13386147636609,,2.4445758787722203,135.834,12.99639413336345,143.0021752510398,97.7,,,72100.0,568093735.275028,2419329634.05406,,25085.784063499046,-3222401216.97549,19.70504615183939
116,2022,YR2022,Luxembourg,LUX,653103.0,2.01666790212729,2590.0,,54987734180.83996,84190.0,60593238955.333046,92780.0,7.1,82.94634146341465,1.31,3.98,,,2.4,,99.0,77.8365173339844,107.83975982666,,0.2,887.0,1470.1956909348899,4862.947408333524,11661.254044155363,80801680397.01393,-1.0974168968152043,6.220059856272769,0.2421674782987545,9.113800456255113,222.30845616310287,189.86871376107203,17.033176663024733,41.95522433867998,62.98985336681305,0.625325775260002,139.651,5.990460389365796,54.945639474152216,97.2,,,13194.0,16075437004.1152,-316383115840.0,,123719.6589159963,64558143939.2963,6.336008077779189
117,2022,YR2022,"Macao SAR, China",MAC,677300.0,-0.764822083825685,33.0,,30745289252.119133,45390.0,51267843580.75113,75690.0,,83.08048780487806,0.68,0.473,,,,,,91.2068965517241,90.2211838006231,,,,,,,24929307447.323727,-18.956941494497002,1.1618533399199862,,9.277827514174874,84.7916044961703,85.57644484233562,23.205013428827215,20.596461404555853,,,172.245,0.0,76.27568491495076,94.0,,,8748.0,2088963136.76795,3196325132.7901,,36806.891255460985,-2344717624.52278,1.045028023699535
118,2022,YR2022,Madagascar,MDG,30437261.0,2.48207836172625,587295.0,,15133024385.651176,500.0,51000576605.04978,1680.0,,63.068,4.036,131.566,,,65.7,,44.0,57.4016455229267,,,0.4,124033.789,0.9918063503938873,308.6725396014014,81.31480687437677,15325603272.609709,4.156097783862961,9.62605733706367,21.54423578783929,23.356816154365386,30.543294874647913,40.0038395384482,22.16197676882807,10.192003667976097,,0.653151211221591,64.7495,0.3486249845942597,59.88671269080249,85.3,5935380471.0,1.4439197621904967,-1487.0,99975405.2413762,467848664.235502,33.00106725003836,503.5145334729596,-325831200.592564,8.16059031991844
119,2022,YR2022,Malawi,MWI,20568728.0,2.567947782963,118480.0,,12617555248.35394,610.0,35475438504.6761,1720.0,,66.037,3.72,115.047,,,39.9,,82.0,,35.5084899925617,,7.0,21577.0,8.499089363686597,,,12429059928.101988,0.9211150690059355,17.166830393095495,27.597551876220145,16.90734353839952,11.342380846456965,32.27424401032407,15.932796903850296,14.136184681217456,,0.933234952541455,59.6496,2.3076953930761377,20.001512699920106,77.9,3340066801.7,1.143900601445259,-5231.0,192977567.367364,198726519.112982,66.67253029088624,604.2697403603173,-140005928.30707198,20.95396972996904
120,2022,YR2022,Malaysia,MYS,34695493.0,1.1977720012836,330411.0,,403266944656.57227,11620.0,1156328047177.0437,33330.0,,75.444,1.55,5.975,42.8,,8.1,15.3,96.0,84.4996360102387,78.8341986282999,,0.3,190137.4,57.89471522659042,2867.096519391729,4986.123125559853,407830525989.55347,9.031737230444506,6.296299503337991,8.961849227414174,38.974240550053025,76.80779748258439,69.61680727132313,23.58629216221752,16.399628113794005,93.4719535951962,0.9020254051708211,138.208,58.28182440314864,158.37240197575215,111.9,,,188154.0,9090485161.65234,15027992710.6144,0.17121073506536857,11754.567833624773,-3216658618.69885,3.378698625499285
121,2022,YR2022,Maldives,MDV,524106.0,1.528878337276,300.0,,5541168632.139102,10570.0,10612513545.056211,20250.0,,80.76,1.583,5.648,,,6.0,,98.0,92.8231462925852,73.5234576648616,,0.1,8.2,1219.9399393722847,,,6177123352.262111,13.826089518413937,3.413013930370795,5.061824787773287,9.918617276692782,82.67085556030345,79.57257737335223,32.98979631776965,,,,136.459,4.096414731302233,63.39520480137296,101.7,3992801782.9,12.707091064094078,-2674.0,565036074.848498,731709063.613552,229.5189071068162,11786.019149298254,-731709063.613552,2.333143376245675
122,2022,YR2022,Mali,MLI,23072640.0,3.00942592606239,1240190.0,45.5,23025624900.093224,1000.0,67136167712.099174,2910.0,,60.035,5.692,140.02,,,94.0,18.5,69.0,,,,0.8,132960.0,3.9054329086062114,,,22539987718.764156,3.703190275955677,6.301578002981813,32.71767290186533,25.822978795317287,26.02565262466699,35.5356748615317,22.181962477282323,,,3.09091717190995,112.12,10.25786682849866,55.532417125408685,103.4,6233839496.8,1.4243778470020443,-39951.0,230661903.598172,715469994.852307,52.05901518056148,976.9141164064519,-671836204.531705,9.621476084890638
123,2022,YR2022,Malta,MLT,531113.0,2.47100289980875,320.0,,18501942155.261513,34840.0,28858746311.83742,54340.0,7.3,82.4487804878049,1.08,10.495,,,5.7,0.7,96.0,95.5248794555664,102.695037841797,,0.3,4.6,455.31485072372703,1456.2452481094795,5174.040176007742,18928276162.413124,2.4830999383779186,5.0885864711204505,0.839345917125421,11.298685956147732,128.4600906111224,116.70028448088208,26.3781498400487,32.49893055620785,23.028932812465282,0.411834981751042,132.861,38.96158518861868,62.1926682545782,99.5,,,2480.0,168680792.319941,24257553510.7974,,35638.886945740596,-1489043435.42115,6.153756219330369
124,2022,YR2022,Marshall Islands,MHL,40077.0,-3.16808578519291,180.0,,303944452.50747347,7580.0,340308929.13401026,8490.0,,66.725,2.936,71.135,,,29.1,,81.0,98.7116011438894,83.1106717816097,,,94.0,,,,258723510.742188,-0.7005639265767769,-0.26669263825075973,20.580402102442886,9.590653460923795,39.97784167499013,88.36013385230113,26.439423792135035,,,,39.7061,,73.43746977418321,94.3,,,-1829.0,,2573910.0,3500.4355811839464,6455.660621857624,,
125,2022,YR2022,Mauritania,MRT,4875637.0,2.92956466448208,1030700.0,,9790514662.74834,2010.0,31427917557.109634,6450.0,,68.281,4.77,90.246,,,39.1,22.4,84.0,,,,0.2,3018.889,5.702188895532436,,,9557966698.253689,6.796005004899669,-0.6123616562345688,21.23020138885938,29.137550333051482,39.737807822991954,62.28809130270364,49.06812152732042,,,2.05903871155909,109.884,3.9794933820120266,93.09511406464442,108.0,4559340624.4,3.6101989402264634,2999.0,22860178.9889599,1401620461.82274,67.21389867397082,1960.352400774235,-1401620461.82274,9.52526628622843
126,2022,YR2022,Mauritius,MUS,1262523.0,-0.301401216835277,2010.0,,14940052743.384499,11830.0,37731409423.3986,29890.0,,73.51463414634146,1.32,20.064,,,15.5,,98.0,,,,,388.5,21.351897471617512,1095.73879704883,2334.2149014314987,12936444123.303709,8.69306675264066,8.524866044908833,3.555132547658371,18.066091873582845,67.0292948520561,80.6345001819556,20.411044705091957,23.84075532570053,66.22639048520911,0.138698687184487,164.309,2.067079625286801,69.54770502809814,74.7,17652775747.4,6.297255010399712,-2824.0,1278876028.99619,545909420.0,61.66670753457933,10246.501745555295,9339260069.01787,10.77375122428991
127,2022,YR2022,Mexico,MEX,128613117.0,0.753116988604166,1959142.3,36.3,1380053978894.6316,10730.0,2938306345014.1123,22850.0,5.6,73.973,1.94,61.111,,,12.9,4.2,86.0,102.239273071289,98.3576583862305,,0.4,654370.0,14.340508515765583,1525.7351611441936,2371.9664612436072,1466934724293.064,3.7097570916362343,6.666649474686693,3.898065709707859,33.163830524573314,42.93229021337019,45.86619537334837,22.770194890945437,19.271161146025552,30.97414100814659,0.685819352028866,105.713,20.53436922578491,82.07740808509627,98.9,585861539733.2,3.8998415613920034,-108438.0,883189736.0,39068959282.0,3.861850034413675,11405.79404737593,-21725274679.0,7.896276191685497
128,2022,YR2022,"Micronesia, Fed. Sts.",FSM,112114.0,0.438013018270765,700.0,,454173342.620899,4050.0,511083245.4855519,4560.0,,66.961,2.785,43.998,,,23.9,,69.0,83.1442485380439,,,,644.8,,,,415956900.0,-2.905889998684742,9.398321184762267,23.227093960936816,5.018644960571636,21.156038041441313,69.47835220427886,,,,,19.9886,,93.51930452409853,94.4,,,-1159.0,,0.0,1358.1880618148045,3710.1245161175234,,5.408743754790666
129,2022,YR2022,Moldova,MDA,2528654.0,-2.62110760462091,33850.0,31.1,14011501446.742916,5540.0,41774900049.50301,16520.0,10.2,71.546,1.694,22.384,,,14.8,,84.0,107.961669644307,97.6136725974109,,0.9,3865.0,10.795962260670958,1422.6357530391385,2255.3500795284763,14525337523.727076,-4.600000025532296,18.855323059100797,8.114280000584213,19.09082181107453,41.22645945444993,70.89121212531562,27.310429524944404,29.313915920635132,,0.360059008856848,137.183,2.1401803935369017,93.292152267474,99.8,9752045571.4,4.7691663693139565,89154.0,519180000.0,586020000.0,350.2828301498916,5744.296184344349,-541060000.0,28.73729767662346
130,2022,YR2022,Monaco,MCO,38931.0,1.04315542231896,74.9,,,,,,,85.746,2.114,9.724,,,2.8,,88.0,,,,,0.0,1669.046762882254,,,8800430486.17137,11.266295519860051,3.017457776923237,,12.2757894484929,,,,,,,100.062,,,,,,995.0,,,,226052.00190520074,,
131,2022,YR2022,Mongolia,MNG,3433748.0,1.46704738017187,1564120.0,27.1,14888009092.164427,4340.0,50928250872.19172,14830.0,8.2,71.90073170731708,2.7,20.539,,,13.9,,94.0,96.1201090639399,93.5508272676123,,0.1,141710.0,31.23259316357694,1890.6311392926214,2545.614879134986,17146471713.748024,5.032709636652697,17.71471241775015,13.027853403536085,35.31221756694462,65.06135115586146,71.2665787886548,42.33210003846779,29.842143353938532,,0.5139362730129781,142.809,30.814169089735877,123.89137750693855,148.5,33701162514.4,25.821596148377484,0.0,128976380.355658,2504294749.65085,83.16621017655577,4993.514874634954,-2428437139.9706903,15.15097282008049
132,2022,YR2022,Montenegro,MNE,623591.0,-0.234174139002603,13810.0,20.1,6492750962.7375,10410.0,17613248710.30295,28240.0,,76.1878048780488,1.8,10.013,,,2.7,,33.0,110.560340881348,92.1609725952148,,0.1,8270.0,2.1964028824444086,1674.1286028328504,4345.797165129067,6251215144.134708,7.7395468951620074,12.067802071296924,3.996727665734049,13.432834590585173,51.344941663811724,74.11099609118226,27.58259334172838,,,1.5730370839521401,207.278,8.210195069707302,71.1221722095347,,8806406767.8,13.11047083377073,26332.0,123410267.489741,872558550.293814,166.31362151036495,10024.54356162085,-820995165.297445,13.04030363470036
133,2022,YR2022,Morocco,MAR,37329064.0,1.00863622672701,446550.0,3.9,140280376966.6418,3700.0,347683377640.4834,9170.0,,75.161,2.256,25.563,,,17.2,,99.0,98.9278773878928,84.4553724029251,,0.1,57633.789000000004,11.953639290702151,602.9944777509074,978.2725867436698,131245312804.48317,1.8126924219480856,2.6033513081370927,9.796188937856336,26.0855513037114,44.711628231345315,56.19468197030608,30.46030149849386,26.827845027404525,40.920943272090284,3.81341286888659,141.87,4.498382084083878,86.31774924317924,88.1,64971802459.6,4.652572331019058,-38594.0,156045619.045315,2294356059.17333,37.946127130407824,3463.1376953125,-1654898394.1652,6.657042027590669
134,2022,YR2022,Mozambique,MOZ,32656246.0,2.9473431712575,799380.0,65.0,16343626291.825567,500.0,47770424968.19098,1460.0,4.7,63.011,4.84,155.276,,,64.3,15.4,63.0,72.3655686845574,,,12.1,362673.196,13.214559215709738,358.6376943617493,397.7187090028658,18883528581.3734,4.364450744326078,9.15161420042132,25.63922210827413,23.242594990289202,49.826942804041714,85.45263561294966,43.20434680445609,24.56968425356481,,2.20848120068367,45.8178,3.1796241811662123,121.64040158605458,154.9,66289653065.3,32.53709797543724,-34936.0,190209671.49158,3022175565.23802,78.83678447713739,578.251663751351,-2458453111.4350204,10.27940180934209
135,2022,YR2022,Myanmar,MMR,53756787.0,0.690074759264932,676590.0,,69016886073.12903,1280.0,301651599821.14026,5610.0,,66.506,2.131,33.819,,,40.0,,75.0,,,,0.9,279644.7,1.9003851310582893,399.5211852145386,354.1320280172251,62253049903.28002,4.0374934360085035,6.163716489058984,22.334350076849493,38.247135765302346,,,,,,4.17058942838215,107.535,2.6145783956440805,55.39969536204664,122.0,12535377301.1,1.5525203611733203,-34988.0,,1238500000.0,18.616843250808312,1158.0500505597558,,
136,2022,YR2022,Namibia,NAM,2889662.0,2.77600581415178,824290.0,,12368995252.748913,4280.0,29449724858.251255,10190.0,,64.19,3.248,66.897,,,42.0,,89.0,101.807109522995,81.8163691171532,,9.8,64968.8,109.61325427957178,692.4613564410682,1230.9398123379135,12569449123.366074,5.398724780365399,6.41674452090038,8.758893664576483,27.111725577059996,40.45847182996255,58.804082951443846,19.974205644526297,31.28974574277075,17.174022336325827,2.91089959085182,100.558,0.056365655715424165,108.38979390650908,99.9,,,22212.0,57689297.8543736,1056032870.1096,113.02729774480855,4349.799084933142,-1045130.4519760701,6.081281141124132
137,2022,YR2022,Nauru,NRU,11801.0,0.782649677702407,20.0,,266358725.06346968,22570.0,256458383.76081723,21730.0,,61.93,3.379,78.372,,,9.5,,98.0,,92.7814636230469,,,0.0,,,,152373433.90947422,2.8776978417260892,-13.137925903882916,,,53.81047619047619,113.5282857142857,,,,,87.1706,,85.9729919047619,65.1,,,-144.0,15632496.1010122,-9015925.94529901,3007.759978009347,12911.908644138142,11498681.1923619,
138,2022,YR2022,Nepal,NPL,29715436.0,0.81238557412485,147180.0,20.3,41059735664.24062,1380.0,152516393547.4261,5130.0,8.7,70.087,2.002,68.33,57.2,,27.5,18.3,90.0,101.509212035858,84.1026475876285,0.954387962818146,0.1,59620.3,3.4841963488338914,519.9506041034834,321.0452641516012,41182939600.62086,5.631314556845098,8.241191955025485,20.91436998151288,12.181228473134247,6.702390865892359,42.27101061405042,37.64384825268509,,,1.15743842490309,133.273,0.6175207044758716,36.49812312031606,97.6,9183774214.5,0.8228331994572992,-379321.0,101146853.28312,66059660.947571,40.340152496048184,1385.9106627485075,-66059660.947571,7.670205793802804
139,2022,YR2022,Netherlands,NLD,17700982.0,0.953278922854537,41540.0,,1099444058955.9088,62110.0,1345546889171.0476,76020.0,,81.61463414634147,1.49,2.071,,,4.0,,89.0,,138.767501831055,,0.2,3713.6890000000003,111.30434395876652,3570.1203199439897,6352.07696386562,1046540797548.6422,5.007234551596113,6.155574965083275,1.641947233905536,18.65639653055885,96.44362158137288,87.66386267130869,22.863295164114223,39.167253627417445,,1.3041999557263901,115.821,21.957838012434244,177.74825447390543,93.0,,,224472.0,15349298860.2273,15457596582.8886,,59123.31855648699,158515694082.198,10.00120787534728
140,2022,YR2022,New Caledonia,NCL,287123.0,0.66709196832953,18580.0,,10617611116.776566,36980.0,,,,77.698,1.998,12.148,,,,,,,,,,8378.2,,,,9623318718.314594,3.500000000000057,3.8457149378066333,,,15.381977026145147,35.090771717818775,26.17463290392143,,,,91.6764,,61.75624204038462,130.5,,,485.0,,696307350.0,,33516.36308590602,,
141,2022,YR2022,New Zealand,NZL,5081700.0,-0.0570512394609476,267710.0,,249840285237.7906,49160.0,265491966869.92197,52240.0,,81.95853658536585,1.66,10.937,,,4.8,,90.0,,114.774932861328,,0.1,99318.856,22.110039275226686,3764.50781429311,8155.932069976583,249509991440.4376,3.496386864588416,5.89146876133546,4.56898326146121,19.604444975261927,24.04738731916559,29.428775446416093,26.263013851795193,33.23628992460415,39.09490735696084,1.1708986466623301,115.984,12.054341542288812,39.806421949924065,111.9,,,21404.0,902135105.761868,9806744153.22001,,49099.70904233575,-9129282861.929579,7.17222476016441
142,2022,YR2022,Nicaragua,NIC,6730654.0,1.28466010240759,130370.0,,14453732162.27163,2150.0,48478629673.386665,7200.0,,74.463,2.24,94.053,,,13.9,,93.0,81.7195205688477,,,,32075.3,11.503469188008724,608.2455467127473,682.400254120922,15634572502.229374,3.5502994561397543,8.385326186169777,16.80303121839451,25.94361059603292,49.89577473583092,65.55890397703394,21.752684444991367,21.505390488494537,,0.5371139682093651,104.278,1.2553932131571877,119.01188853962448,101.0,15131422389.3,13.121724295520485,-7996.0,182300000.0,1287100000.0,167.50596340521886,2322.8905396458313,-1267753433.91642,10.46742444659907
143,2022,YR2022,Niger,NER,25311973.0,3.25170642220024,1267000.0,,15121636234.978092,600.0,42423425447.09556,1680.0,,60.398,6.135,146.929,14.5747167731228,,117.1,34.6,65.0,50.4354995810796,,,0.2,10548.6,5.553645111706247,162.0458659142873,62.42105267732389,15433852712.296335,11.900000000027717,4.018999979447429,41.3505163572647,18.88851251716822,26.4030742163666,26.4030742163666,29.62081076438457,,,1.5729764923811,63.3771,13.870814780016289,32.195460800537106,103.8,5428667300.1,2.0216157298702844,995.0,563793443.991783,965975261.178015,80.8048941435,609.7451475748783,-957255589.176033,4.226217919163925
144,2022,YR2022,Nigeria,NGA,223150896.0,2.09281687128387,923770.0,,653664923926.3497,2930.0,1816383969496.1267,8140.0,7.5,54.079,4.552,87.26,,50.7,108.1,,51.0,,,,1.3,213003.5,40.33410942870875,333.060729584941,135.6033094305837,646950257577.814,4.318829495231924,8.04664948506526,28.55155221997307,19.169055886079235,,,,,9.642272998476544,0.650166691789414,99.5852,2.3848830290138348,19.078128272505488,147.2,103064224482.6,1.3433010597099555,-51680.0,82424279.4893329,-186792428.930928,19.75763557781659,2899.160474703243,119729340.659017,18.84718778432745
145,2022,YR2022,North Macedonia,MKD,1831712.0,-0.294481335654044,25710.0,22.2,13863406021.981306,7570.0,42192565003.92791,23030.0,,74.4248780487805,1.6,14.731,,,4.1,,71.0,93.4133682250977,91.4516372680664,,0.1,10014.9,5.272553012758666,1476.1354256409359,3484.17218427351,13932436550.088305,2.7588841533296744,8.87368732523663,7.2798878546816255,23.02446806946344,72.78539954220399,93.36195783767357,36.01663554241965,28.976906503987333,,1.58059754666542,111.303,4.014984905959554,154.1869573406659,88.0,11639682525.8,8.112095997371945,-5296.0,22418837.7,854152514.519015,122.90320517463225,7606.237525379702,-683826064.1586889,14.20471731958329
146,2022,YR2022,Northern Mariana Islands,MNP,46078.0,-1.93650806828242,460.0,,,,,,,78.531,2.388,26.332,,,,,,,,,,243.6,,,,1096000000.0,16.64275466284076,2.8031899575013313,,,22.26277372262774,70.8941605839416,,,,,,,50.54744525547446,121.4,,,-1348.0,,,,23785.754590042972,,
147,2022,YR2022,Norway,NOR,5457127.0,0.898395220610608,624500.0,,514526888862.36017,94290.0,672675989502.6388,123270.0,9.1,82.50975609756098,1.41,1.411,,,2.3,,96.0,99.2787628173828,119.442527770996,,0.1,121956.0,161.65117517908482,4651.486707586574,23373.47105903894,596297651035.7977,3.246228602609321,28.416785192293247,1.6344244322904358,49.12889712981464,55.49982077149368,27.109659064645236,21.17776240841249,56.2896297775735,,1.4643696162881799,111.657,23.884946045033782,59.74382078835543,185.7,,,58040.0,4506147603.37787,14278134699.4272,,109269.52058029761,12284320602.661201,5.764123178522719
148,2022,YR2022,Oman,OMN,4730226.0,4.98013669293962,309500.0,,91147305274.29214,19270.0,184454508587.0756,38990.0,,77.911,2.449,5.875,,,10.5,,97.0,86.5904581737646,91.9645458184777,,0.1,24.111,54.401785153120265,5867.320056288537,8157.538350176081,109852795838.75162,7.98570728354278,16.49632499935487,2.1082711466343422,59.485207773021706,63.25050191295125,42.49450736770332,27.32087389673851,,20.27033525180878,5.2647590817834,136.801,7.6198695332247794,95.25110326148717,119.9,,,339063.0,9071113288.75604,6871781534.46033,,23223.582940593456,-7176592977.893359,2.506142506142497
149,2022,YR2022,Pakistan,PAK,243700667.0,1.74799739792983,796100.0,,369161937787.26105,1510.0,1422577728301.6497,5840.0,,67.417,3.662,42.298,,,60.5,,82.0,64.9530748264356,40.4177656413012,,0.2,36432.2,2.2321522287722098,470.7234965240247,605.7882475963843,374890295666.69366,4.7781068690357955,13.93701123929381,22.326864699603053,20.412595554361264,10.540590272104113,22.49076320592792,15.560542594311597,,7.659280683415948,3.17683202352522,79.1051,1.4322563541997966,27.12313473443525,94.6,127601482349.2,4.5095410164631495,-1322625.0,208000000.0,1462000000.0,7.11345643197784,1538.3228133170996,-305000000.0,19.87385996466555
150,2022,YR2022,Palau,PLW,17759.0,-0.135051508906549,460.0,,250438437.55092874,14100.0,309279764.5767756,17420.0,,68.922,1.927,30.031,,,22.7,,96.0,92.1487603305785,89.0526315789474,,,415.7,,,,243826812.74414098,1.5126790403814567,3.825479476515852,3.3535187291364594,12.398316686310627,15.668615046064835,89.53232010595592,44.88275230055095,,,,135.143,,88.177340949623,94.7,,,-20.0,14742000.0,74365000.0,3135.026216144479,13729.760276149613,-74365000.0,12.35266383781242
151,2022,YR2022,Panama,PAN,4400773.0,1.26612423517538,75320.0,22.2,74893877274.93513,17020.0,152641480983.34222,34690.0,,79.324,2.139,57.772,,,13.9,,87.0,93.0531743816701,,,1.1,41910.111000000004,57.96518224257459,1062.6992563181743,2546.3708307608686,76479304470.9375,11.038547526176572,2.1959079705397215,2.6037030211120857,26.407479622408665,48.026597833341484,45.44867098350275,35.85489810856626,,20.43428625313756,,152.062,0.2336245483884281,58.22097926756181,84.7,,,7967.0,563382434.54,2466522438.3,29.865150630390616,17378.607001755714,-2279018281.02,2.859651288347111
152,2022,YR2022,Papua New Guinea,PNG,10203169.0,1.88244961375761,462840.0,,27493953540.078606,2690.0,42439401760.73585,4160.0,,65.274,3.165,55.029,,,41.7,,41.0,,,,1.4,357887.0,64.20202633009237,,,31653185952.60895,5.707584042381967,15.028820834968698,16.908591932501118,40.279199607030996,,,,15.320384225044762,,0.420977241775767,49.1907,11.971802937338573,64.74229807603587,193.9,19606599470.6,14.95509421194447,-787.0,288836581.025745,1193266177.1021,65.41961284015349,3102.2896859406083,1263272946.38477,5.253239222152406
153,2022,YR2022,Paraguay,PRY,6760464.0,1.13476871860664,406752.0,25.5,40058143821.323555,5930.0,106972001907.50668,15820.0,5.0,72.319,2.444,71.036,,,17.6,,54.0,87.148745461088,82.3071472143291,,0.5,155435.889,17.421426893806114,1044.9850676592907,2213.0137813025854,41952910858.08456,0.1760383661492142,8.054460502710484,10.897480451264528,34.253965760077584,34.3693845850532,39.36852043680341,27.68643514265548,17.395738650768138,,0.871127145265658,128.088,10.561993933889122,61.52135685485164,117.1,25239775496.5,5.253905078669012,-12500.0,64760434.8288098,744590617.097816,14.522080511402976,6205.625953793195,-803323260.59424,9.765566671644022
154,2022,YR2022,Peru,PER,33475438.0,0.959183909355287,1285220.0,27.5,231716014606.043,6920.0,520088236906.4417,15540.0,5.7,76.834,2.004,43.933,77.95,,16.1,2.4,74.0,,103.591468811035,,0.4,719847.0109999999,8.611368127059334,826.7056466878462,1588.448222843268,246065570308.15494,2.8090335533015036,4.513394137303877,7.174162292069776,34.931429915672894,28.831860770197498,28.465115194774643,22.36639377094137,,28.982083885482346,1.135133506685,124.119,4.589466164395387,50.3483684632714,114.8,91689317833.1,3.0844238777152566,33982.0,187003202.042555,11201435821.3347,24.810966876622732,7350.6303430041735,-11788738161.8292,8.333706300962309
155,2022,YR2022,Philippines,PHL,113964338.0,0.760479216015364,300000.0,,456996881689.5331,4010.0,1222457046934.8372,10730.0,,69.472,1.929,32.161,58.3,,27.3,,76.0,86.3317340860138,92.291271176651,,0.3,72583.7,4.478737758340725,550.7938039948655,884.6802584857729,404353369604.6311,7.580982127855634,5.488648202020087,9.55176804414326,29.221239936433847,28.387401545793896,44.04228206496602,24.685861676310232,16.082742678948538,59.00312151059357,1.31630135538263,147.429,66.61109219637783,55.59419480535111,88.1,110775513064.5,2.243841803591461,-221754.0,297656730.46469,9492234668.1091,14.158884599112488,3548.0693057211556,-5630950417.408111,5.821158112139547
156,2022,YR2022,Poland,POL,36821749.0,-0.433070695882457,312720.0,11.7,703555007545.9272,19110.0,1629924749580.1997,44270.0,8.5,77.15609756097562,1.29,5.984,,,4.4,,91.0,98.2533493041992,108.48217010498,,,95070.0,67.8903005737595,2798.007746233972,4552.825559698427,695607470875.2762,5.255456973860362,10.689577427514024,2.806069303578051,29.181482496734766,62.35251624554557,60.66881661479917,22.05946756534499,33.809181353499845,21.227092316044896,2.20458906428882,137.002,11.632587777275518,106.63039588500818,96.5,,,967744.0,10940000000.0,41780000000.0,,18891.212116927858,-29177000000.0,14.42945075757576
157,2022,YR2022,Portugal,PRT,10434332.0,0.697256448023043,92230.0,,270048202733.4008,25880.0,456525925107.1498,43750.0,6.9,81.6317073170732,1.43,6.642,,,3.2,,98.0,100.011848449707,120.926139831543,,0.5,33120.0,37.52369320977999,1949.8649610393172,5085.232097272734,256898677175.02435,6.985841375802778,5.32750036102243,1.9054367619393517,18.403242855589774,49.481682200450614,51.88246427898389,21.373517717784186,38.0831323751752,,1.38999857860246,122.801,6.99049160072585,76.92643736945364,93.4,,,68696.0,303023555.587122,13059930355.7494,,24620.51975871808,-7632956381.93997,7.832691242333231
158,2022,YR2022,Puerto Rico (US),PRI,3220137.0,-1.31345396519316,8870.0,,79442489275.41939,24670.0,100828269414.01135,31310.0,,79.427,0.914,13.956,,,,,,,,,,4973.1,109.09360784094065,,,113843700000.0,2.957095654995868,3.8968860397728093,0.6639805276884009,48.22339751782488,52.446292592387636,45.81017658421151,14.815224733560136,,,,120.216,,,,,,16704.0,,,,35353.68215700139,,
159,2022,YR2022,Qatar,QAT,2657333.0,5.90701824957099,11490.0,,188812187348.18555,71050.0,315154467793.155,118600.0,,81.857,1.739,5.63,,,6.1,2.1,99.0,94.6478447950479,102.968360766419,,0.1,0.0,683.6322432145301,16683.663609725994,19381.08622442125,235709340659.34064,4.184970185446971,25.876879748737295,0.2565321883209671,65.34892340398748,68.59840882442755,31.615232021184593,30.643232538677967,,70.38636209151241,6.5002056527230305,162.249,2.859699412733962,69.76516057446428,237.7,,,80004.0,12285714285.7142,76098901.0989008,,88701.4689763536,2307692307.6923,4.995275537407606
160,2022,YR2022,Romania,ROU,19048502.0,-0.385412679960785,238400.0,21.1,293223261443.90857,15390.0,777127116799.4308,40800.0,5.9,75.15365853658537,1.71,33.514,,,6.6,,83.0,82.8644332885742,83.0334701538086,,0.2,69290.5,28.221750596147416,1655.2381897484483,2717.536528594217,295319437556.9881,4.1877130510410865,12.051275290787999,3.8180329334626992,27.599177176216806,43.51310539421628,50.43654554412841,27.06116534346653,31.721962868928433,9.814433563793761,1.75011695275109,121.142,11.857337556020038,77.59970081745038,94.8,,,89076.0,967442042.848554,11477511658.9305,,15503.551804597973,-9303199865.42368,13.79548874325208
161,2022,YR2022,Russian Federation,RUS,144236933.0,-0.352843110363082,17125190.0,,1891217090352.0344,12890.0,5882773544979.765,40100.0,7.5,72.54560975609758,1.416,13.163,,,4.7,,97.0,,92.7729443625069,,,8153120.0,22.90351059792597,5601.084350851748,7184.422037038184,2291612121334.643,-1.4358821385984157,18.184689261661816,3.420293536128079,32.230143568513775,27.720303352680308,15.0624830768008,23.20287102546134,27.003501783690563,23.13237589663583,4.60728884010235,168.476,,37.90283669359073,135.5,376117000821.9,4.536890058126209,765629.0,5786942080.69653,-39800944226.9805,,15619.6142578125,26714525588.3468,13.74367973982316
162,2022,YR2022,Rwanda,RWA,13651030.0,2.19046619232976,26340.0,,12779808953.661703,940.0,41411102544.38825,3030.0,,67.528,3.778,31.057,,,40.8,,99.0,,44.1547093958443,,2.3,2780.0,21.224301135964076,372.9914024293434,68.12672743375408,13316161002.391228,8.161207208729124,15.81131422368027,24.886975847495968,21.269531227780522,22.478061514691134,38.667017988674,25.741826376841665,19.70666635364622,25.868341479060135,1.33346574344023,80.5952,4.7847297958567205,49.39111203911507,113.8,9690063879.9,2.675535536279105,-9001.0,91742926.2851845,305101863.38,78.78481671231988,975.4693237353686,-305101863.38,17.68920955881533
163,2022,YR2022,Samoa,WSM,215261.0,0.690847424147793,2840.0,,888483171.9767219,4130.0,1451411143.9381962,6740.0,,71.55,3.883,43.866,,,16.2,,82.0,102.664006356676,,,,1607.1,,,,889554711.8423406,2.267050552490261,2.543226561263708,9.356737358565756,10.849058293019294,11.485773404129503,49.36200625001537,32.18797105247594,31.068116162766522,,,62.3987,0.5543692692467819,54.29682891563438,94.3,470703052.2,4.526433421025219,-2837.0,27028757.5144266,4800455.4647742,594.4403827808707,4132.447177344436,-4889535.574194379,10.96188222868439
164,2022,YR2022,San Marino,SMR,33755.0,-1.46164026701119,60.0,,1818836675.1420448,53880.0,2341926529.4515758,69380.0,,85.708,1.136,1.158,,,1.5,,91.0,93.4285714285714,61.6779239246356,,,10.0,,,,1829211863.9476042,7.898441457676043,2.764673523478905,0.011488916733326745,37.59520177773305,197.41235131931668,173.02372049409703,23.025957538682952,44.41158458646533,,,120.27,,,,,,-403.0,213039844.809532,71867929.5595936,,54190.84177003716,-6261227.12309341,5.325453213113651
165,2022,YR2022,Sao Tome and Principe,STP,226305.0,1.93819561963228,960.0,,549053133.8407688,2430.0,1392005190.5130312,6150.0,,69.237,3.695,86.779,,,14.6,,82.0,,,,,506.6,7.764273163582446,,,540809499.1893485,0.16869849221656352,15.780650993593156,13.931757705354771,4.3554064353605035,,,,,,,86.7785,5.294293818156193,40.309942840644105,102.6,286876907.1,1.4506099647395825,-592.0,4381547.19781618,55605987.5124977,243.78637000017937,2389.7372978473672,-55450020.7882882,18.00563511228408
166,2022,YR2022,Saudi Arabia,SAU,32175224.0,4.41891994509507,2149690.0,,1129698327304.5325,35110.0,2331662827115.0635,72470.0,,77.31,2.14,10.29,,,6.4,,98.0,119.840624867605,122.158039993668,,0.1,9770.0,36.75368120704823,7529.601030588629,11835.317758782348,1239075200000.0,12.000587475292889,12.583206706084667,2.2147915908036357,53.1237705884733,35.98500989555221,20.83915487938101,26.515990850810883,27.292693195699503,212.94842718182076,6.397422152789931,149.798,0.2952734306819504,48.50883949577879,182.5,,,977072.0,39349380601.6453,26710062133.3333,,38510.22762110374,-178702532.476294,2.474073719253717
167,2022,YR2022,Senegal,SEN,17651103.0,2.46764281803509,196710.0,,28159265095.53533,1600.0,77406241090.63362,4390.0,,67.788,3.864,61.034,,,40.4,,87.0,56.8702747567129,45.3756792066535,,0.3,79881.6,8.2628516065143,315.96593281512094,399.52177492817304,27783332222.675926,3.8504319373576834,9.347021826143191,16.333323196840553,24.89997907112373,26.699164224050804,52.900657427532394,45.30646435688887,22.149586781351754,,1.52411336065101,118.15,2.300686887550707,63.977207116619994,111.0,35581328119.7,5.350452861010735,16425.0,268717702.67028,2928675555.20778,82.40709783830506,1574.0281059305996,-2858570258.9577,9.696818990810733
168,2022,YR2022,Serbia,SRB,6664449.0,-2.5170575672922,84990.0,19.9,65257651840.274796,9790.0,166657686742.2234,25010.0,6.9,75.23658536585367,1.59,13.833,,,5.3,,81.0,96.0487213134766,91.9540023803711,,0.1,27233.232999999997,10.293116299407307,2440.9165854048997,5113.701072661821,66809895701.21516,2.7034770554365366,10.458304150402427,5.337942237750322,25.22156558266718,60.73816749897468,71.17512478454154,26.384203468171396,38.64999161945888,,2.17267406821898,129.813,,105.08323544460056,95.2,44850264265.7,9.590576531001878,40118.0,655220706.270163,4612248811.51068,76.73734766258666,10024.819111259634,-4500108361.13793,11.98151173447029
169,2022,YR2022,Seychelles,SYC,119878.0,,460.0,,1761739583.8715045,14700.0,3480209784.2285194,29030.0,,73.70243902439026,2.01,55.385,,,14.5,,98.0,99.8705501618123,76.8818747010999,,,337.0,168.44561405851746,,,2018346588.7375247,12.71046889028355,1.5698964559434927,2.4356014525146867,11.978764338336665,90.12160331277673,99.70523212381426,18.07297426226984,,60.238910739334486,1.1392449640985,163.43,25.038991663018766,94.18600405934617,90.7,,,1788.0,61474002.7891786,189827389.279515,,16836.672189538738,-226352433.733264,2.6260363285129
170,2022,YR2022,Sierra Leone,SLE,8276807.0,2.22598462352813,72300.0,,7624515396.536195,920.0,25770019050.274033,3110.0,,61.275,3.876,95.743,,,97.7,,90.0,103.134887102796,,,1.5,24954.2,42.01157632000509,,,7121125277.525422,5.313554614191503,26.957453093747247,33.75685266759482,20.75638993420469,16.78047801825781,28.27373472077409,14.876867806648026,,,0.582258374348818,107.882,,42.4792414416164,111.1,2401417378.1,1.713793694379544,-4000.0,8288676.07579106,145000000.0,62.735110160932955,860.3710679160964,-145000000.0,27.2082883814653
171,2022,YR2022,Singapore,SGP,5637022.0,3.30862052439523,728.0,,377197768442.6522,66910.0,645035480979.8774,114430.0,,82.89512195121952,1.04,2.17,,,2.2,,96.0,99.6337388049726,103.009804103267,,0.1,152.1,1927.2707444759765,5785.043673416814,10143.476466829472,509017841146.55676,4.108000218971512,14.921410129068803,0.02597731637364643,23.840521792089987,186.11429078720104,146.23527696763924,22.213925694045354,15.884551576372811,121.67779396590403,2.40634363671921,173.005,56.82691898762432,194.7633108039844,94.1,,,214842.0,,149723718568.665,,90299.0694637269,-89386218568.6653,6.130954189197321
172,2022,YR2022,Sint Maarten (Dutch part),SXM,42139.0,1.35708688873829,34.0,,1557534848.4453566,36960.0,1993867175.9997313,47320.0,,76.18,1.453,17.063,,,,,,,,,,3.7,,,,1592564639.329609,13.900000000000006,3.3362598770851406,,,,,,,,,205.373,,81.25258894010796,,,,564.0,100703378.407821,17081418.575419,,37793.12843991573,-15238747.2793296,
173,2022,YR2022,Slovak Republic,SVK,5431752.0,-0.284860959688394,49030.0,,118918817000.28676,21890.0,216440838316.55133,39850.0,8.4,76.96585365853659,1.57,24.543,,,6.0,,95.0,95.2156982421875,92.2043075561523,,0.1,19259.0,182.7678383851305,3089.1457459110984,4957.700572485636,115792972358.20862,0.544591632137454,7.333874589448158,1.9303962266850043,26.54619180360684,99.06749339215072,104.98882513900062,23.308357256555233,39.134589939117454,,1.8012769663901598,136.029,8.490416014205971,190.73005511663393,94.0,,,92314.0,486280571.993155,4827084865.74814,,21317.794398236263,-2781042660.77085,12.77414636376106
174,2022,YR2022,Slovenia,SVN,2112076.0,0.189424378732817,20480.0,12.7,62500144864.07794,29590.0,106228684521.82353,50300.0,10.2,81.28292682926829,1.55,3.525,,,2.3,,96.0,97.2507629394531,107.874809265137,,0.1,12337.611,64.55167240425205,3045.944585555818,6731.291866391171,59899117741.00218,2.668505555424858,6.478254027442659,1.6248023856561762,27.991167622233014,94.31625942472634,92.33081684990539,24.571488595833895,42.34436867793422,13.641720125714969,1.29505522763484,126.459,8.569786439242128,232.8531792456187,97.0,,,9014.0,410984920.419549,2180392923.46605,,28360.304146726812,-1348969666.4845002,8.833698867494517
175,2022,YR2022,Solomon Islands,SLB,781066.0,2.39378076885188,28900.0,,1568125653.2445948,2010.0,1960748161.6609478,2510.0,,70.409,3.62,51.179,,,21.2,,90.0,,,,0.1,25215.1,,,,1466670929.6233268,-2.5844836175572254,-1.8746715213690095,31.969848230720384,19.305637165171145,28.13197664138024,46.7035638916056,20.878648593895754,24.627221673530244,,,62.0735,,64.97708386739153,76.7,477369215.2,0.7831660167467343,1567.0,58922713.9087817,40718832.6899573,324.5841022977738,1877.7810449095555,-38366300.1821158,5.518129285769377
176,2022,YR2022,"Somalia, Fed. Rep.",SOM,17801897.0,3.0251275475745,637660.0,55.4,10100149677.992325,570.0,26360881263.81363,1480.0,,53.931,6.255,119.277,,,142.9,,69.0,,,,0.1,58265.0,2.4832309104574017,,,10203000000.0,2.7182120205375924,7.9373318298771665,,,17.68107419386455,73.07654611388807,23.649906890130353,9.594463703884605e-05,,1.1630010781142799,49.6801,,47.88787611486818,117.0,4095256883.7,0.19634238292011025,-92434.0,,636000000.0,109.5882868287155,573.1411657982293,,
177,2022,YR2022,South Africa,ZAF,62378410.0,1.41397227960081,1219090.0,,407305164217.6957,6530.0,900916311447.9012,14440.0,,65.454,2.227,51.707,,,34.4,,86.0,97.101965691325,104.535066506498,,17.9,169772.9,17.09973666123218,1938.3064469327448,3404.6234907237936,407596043067.88525,2.058136616921928,5.240966696309329,2.605774849856178,24.982028787222333,33.539440316427225,31.407694085912784,15.672109299704054,29.66351244873784,287.4777981602842,0.798457056094626,160.729,5.521969233363529,63.569802604007485,118.1,171731622090.9,6.917406569973777,233284.0,1011889849.92942,9238990828.45042,16.510448211368324,6534.248677833969,-6864356333.068931,7.039872725464818
178,2022,YR2022,South Sudan,SSD,11021177.0,1.42002025455897,646883.0,,,,,,,57.203,3.964,98.551,,,98.7,,72.0,,,,1.6,71570.0,,69.04336461210559,46.90969031710497,,,,,,,,,,,1.57467379753671,48.4888,,40.15411333302185,,,,40259.0,100000.0,121500000.0,188.54384587564923,,,-6.687320942126679
179,2022,YR2022,Spain,ESP,47786102.0,0.718854879160094,505978.281,20.2,1562166007499.2603,32690.0,2422209542202.519,50690.0,6.6,83.13414634146342,1.16,4.776,,,3.1,,97.0,98.4915237426758,119.015510559082,,0.3,185807.5,46.44096001831319,2408.928114889388,5179.769632601546,1448850658406.6204,6.3703171212960115,4.693839531069386,2.3696400004942353,21.223479372582883,39.67168242768357,38.79405144262183,22.68961371880776,29.742932254156116,45.93280032959945,1.4055469125943,123.4,12.583718791138846,62.78914909011185,93.0,,,299779.0,415284093.195348,67459796903.6798,,30319.498719661635,1263787519.7511902,8.390576341186266
180,2022,YR2022,Sri Lanka,LKA,22181000.0,0.112772639779474,65610.0,,80376668180.80975,3620.0,306756203047.35333,13830.0,,77.3,1.984,15.122,,,6.4,15.3,99.0,95.1511571447228,88.1918156520303,,0.1,21067.0,6.91018097335529,473.9208256250935,684.0539200216401,74143020262.80765,-7.349193013067449,47.463884820827076,8.44795287007937,29.80583157906254,21.559562462096718,25.12304555758521,27.271749424765435,8.224954096892057,14.294292250886876,1.3433273089473,151.727,1.0863745770213964,42.34788371003302,88.6,58718751204.5,4.615960127978045,-27435.0,364930002.331941,884150491.430207,0.5525711353312835,3342.636502538553,-869016898.1791431,49.72110211143274
181,2022,YR2022,St. Kitts and Nevis,KNA,46709.0,-0.11554263524381,260.0,,982639766.4587699,21040.0,1443000565.7955232,30890.0,,70.313,1.512,35.666,,,16.8,,95.0,,119.88360814743,,0.7,110.0,80.59507261942845,,,981429629.6296296,10.480494154680713,3.45975195657428,1.1861003977568627,21.75058304967055,,,,,,,116.924,,36.171722279667605,99.6,,,0.0,25947957.037037,52946962.5925925,,21011.5744209816,-50712948.5185185,2.668175331112491
182,2022,YR2022,St. Lucia,LCA,178781.0,0.144975018605125,620.0,,2099184232.2280953,11740.0,4019443587.071224,22480.0,,72.67,1.387,28.551,,,15.8,,81.0,94.7436981201172,87.6844863891602,,0.4,207.7,46.77598556549271,,,2342714814.8148146,20.388443182841428,4.219079424487674,1.5183397546056885,8.86594059124188,,,,,,,98.6676,,38.971879728014194,83.4,909317236.5,2.4102008282289775,0.0,13150697.0370369,59332604.4444444,186.8539138131552,13103.824314747175,-77359067.40740739,6.378146951333514
183,2022,YR2022,St. Martin (French part),MAF,28870.0,-3.70935422542636,50.0,,,,,,,80.236,2.763,14.656,,,,,,,,,,12.4,,,,,,,,,,,,,,,,,,,,,-1475.0,,,,,,
184,2022,YR2022,St. Vincent and the Grenadines,VCT,102046.0,-0.776041417794061,390.0,,970471382.5181504,9510.0,1821064079.5855434,17850.0,,71.191,1.791,43.553,,,11.1,,99.0,,,,0.9,285.4,110.2192146374465,,,989188888.8888888,3.1108330034352036,7.951980337029013,4.639416506602865,14.617288388166886,,,,,,,102.334,4.0070872997932,48.928976602603704,50.8,624480820.0,3.4826660848144524,-826.0,11807721.8518518,65238462.9629629,151.8091927332066,9693.558678330251,-66615779.6296296,5.660097792265516
185,2022,YR2022,Sudan,SDN,49383346.0,2.70189520043666,1878000.0,,35660781578.70223,720.0,162240811856.9321,3290.0,,65.695,4.384,67.339,,,51.8,,80.0,,,,0.2,180150.0,1.7843371059210105,411.7805381791809,278.81869324933956,51666875363.0963,-0.9578165911191832,116.87407540579434,5.031292661501224,4.8714017457712,1.5711618305558648,1.127672605302693,2.1782642934147565,,,,70.2084,,29.906975971372134,,22440226840.5,0.37256317114154847,-26668.0,247281848.600668,573504494.776,31.326399823257216,1046.24084472656,-573504494.776,138.80846024176
186,2022,YR2022,Suriname,SUR,623164.0,0.848956801428746,163820.0,17.6,3141113060.000114,5040.0,11508376708.538815,18470.0,5.9,73.254,2.274,48.814,,,16.8,,74.0,,77.7318215623084,,1.6,151718.011,7.1648516883351885,1738.8234545480486,2955.8832024956514,3791603200.025902,2.4062223560121794,49.423283739680244,7.295661794900951,42.230517326734706,,,,,,,149.052,11.350144983772896,122.34930068548073,110.5,4194863046.5,11.020574802924287,-988.0,107380916.33888,-9305315.36959886,88.64988935050292,6084.438767364452,-3351403.63040114,52.44602727624101
187,2022,YR2022,Sweden,SWE,10486941.0,0.68058286829853,528860.0,16.1,649358771851.7292,61920.0,724275770514.2834,69060.0,7.4,83.05853658536587,1.53,2.016,,,2.5,,93.0,99.8903274536133,139.406524658203,,0.1,279800.0,229.3535291938205,4323.665721393045,12418.397319103826,575071237640.9214,1.2554362044581637,6.027195571185402,1.2387699295872114,23.75920562752142,54.31206335861523,52.799688467896466,26.92180664550243,34.35351500881556,,1.33147661923348,140.782,17.256654136370216,69.69953872919587,97.4,,,58955.0,3938500724.33652,53904967740.7105,,54836.890723512355,11973563999.7101,8.36929098869189
188,2022,YR2022,Switzerland,CHE,8777088.0,0.829927183900371,41290.7,,839128169518.2301,95600.0,779747146911.6294,88840.0,7.4,83.60487804878049,1.39,1.386,,,4.0,,96.0,95.063606262207,103.392356872559,,0.2,12759.9,466.69496992654956,2591.921410404806,7309.485788452845,828508926958.3933,3.044061029694234,3.0400522180438685,0.6163797988148589,24.54338165606891,76.1397677689787,62.36093098454057,24.81734309331872,17.181954506155925,220.94205028305348,0.682061302644033,123.971,29.988139797666413,91.4664857966046,97.5,,,96424.0,33302473614.3483,-12412561200.232,,94394.51068035245,-22007053290.174297,2.835027986444626
189,2022,YR2022,Syrian Arab Republic,SYR,22462173.0,3.78051313340953,185180.0,,15883359000.931307,710.0,103548131873.3225,4610.0,9.2,72.79,2.746,39.72,,,21.1,,52.0,57.7594413757324,39.6268081665039,,0.1,5220.0,1.145712177825998,454.532086054546,689.5147677831526,23622827079.50465,0.7327813018613654,112.14365352307988,43.0599878108777,12.000958703636545,6.810126877764181,28.799341202231428,,,,,78.6568,,36.303868165891984,102.0,4862033265.3,0.045327870249739236,735142.0,,0.0,319.7759536875061,1051.6714958746265,,
190,2022,YR2022,Tajikistan,TJK,10182222.0,2.13728529423458,141379.0,21.7,13840795739.909964,1360.0,60969232621.21478,5990.0,6.4,71.562,3.127,42.246,,,27.7,,98.0,,90.888637681585,,0.2,4258.0,1.273263189891042,375.1970951484715,1475.7093294567728,10713525200.39978,8.000000338463636,8.262272814757438,22.934853704084475,34.70258085642701,16.353124045431738,49.082387543926,35.46750469827393,17.06989499135653,,1.93089624067946,126.161,1.627127590333715,68.23150982766367,108.0,6723539347.8,3.5694797648413066,-17001.0,223772742.49,174022240.52391,58.400985014233044,1052.1794948489417,-162037819.51391,
191,2022,YR2022,Tanzania,TZA,64711821.0,2.95046658393064,947300.0,,75844551362.68813,1210.0,233985209400.5969,3730.0,,66.879,4.671,114.29,37.6,,40.5,11.4,84.0,,,,3.9,448070.0,12.955056742178048,405.1463148279462,123.47048617284314,75749121842.91487,4.566005764309551,2.762614833371984,24.25696945695516,27.684811175678252,15.413710520168285,19.58974119003109,41.06776240807321,13.996990503456633,8.840854965801013,1.19134153738855,93.016,1.703635659601261,27.78118014838522,98.2,30443587044.6,2.6852348589954413,-37557.0,162212180.211574,1437575169.471,40.8776261295444,1207.52062988281,-1437575169.471,4.350272042691012
192,2022,YR2022,Thailand,THA,71735329.0,0.0111485454856964,513115.021,5.4,517512922987.2646,7210.0,1544772596917.1096,21530.0,7.7,75.291,1.221,26.254,72.8,,9.5,6.7,93.0,104.886385919859,88.0661686868399,1.02751123905182,1.1,198010.0,7.859611296261489,1867.4696831205304,2828.5504900939395,495644697587.6605,2.5803787470982655,4.659552337865463,8.719451384414441,35.12175770314611,65.37276419140825,67.48594789146298,27.858429253958324,18.97684212195456,121.93311719896143,1.24105269630565,176.223,25.8377488104933,118.72516802137783,89.5,201051228652.9,5.6141235397337885,21683.0,6307122238.13722,11854822037.8762,7.742890281276622,6909.352818158268,-4214515134.53228,-1.61068030486688
193,2022,YR2022,Timor-Leste,TLS,1369295.0,1.40884587356384,14870.0,,2487893712.185969,1820.0,7474664337.966853,5460.0,,67.368,2.801,27.87,,,51.4,,72.0,86.5451764158159,,,0.2,9183.0,1.8456400786139242,,,3208599889.0096498,-20.522478556187423,11.367974782980397,10.324624960185483,54.51224519318244,55.61193545868734,42.00917490204857,10.605485511210949,51.46752382733856,,1.38083515113743,108.158,6.829766985036592,40.70311179880716,154.3,287938205.7,0.5568365339869521,-5519.0,121906126.468815,53663376.0160201,164.02410115555597,2343.2495474018747,-36663376.016020104,7.005309453997869
194,2022,YR2022,Togo,TGO,9089738.0,2.35270895960531,56790.0,,9095267856.081274,1000.0,26712320226.60071,2940.0,,62.29,4.253,78.269,,,60.2,,79.0,85.7062307406517,,,1.8,12033.5,35.11606324260507,425.4023211066051,191.86471601271677,8646453099.412397,6.294436920194286,7.121463674340049,21.21984851971211,21.2257076314374,25.009210486549165,36.565881910344835,24.498281110909833,14.22342585970876,,4.1415364948095705,72.2148,0.3010719452031468,51.327404994559004,106.6,3281657367.7,2.916563451453039,-1997.0,,-173300710.0,47.266101026165444,951.2323786903866,,7.967573616179453
195,2022,YR2022,Tonga,TON,105042.0,-0.425589151486705,750.0,,566505587.5541736,5390.0,801686970.6687423,7630.0,,72.635,3.171,24.958,,,10.2,,99.0,101.465738365702,96.996718063038,,,89.5,,,,556514555.4008824,-2.1285445240519323,9.199351374831409,17.425626146848597,17.242144227329767,10.7634075818954,59.36386807982803,27.3260198961571,22.319725342084638,,,61.7258,0.5527370280701694,50.49283927490147,81.0,209927234.2,1.9007191471711724,-2218.0,27699985.375789,2911551.97014838,2808.876333209278,5298.019415099507,-2503068.33851402,10.97136529030216
196,2022,YR2022,Trinidad and Tobago,TTO,1365805.0,-0.128266918103601,5130.0,,23851081344.98921,17460.0,42305910628.09672,30980.0,,73.331,1.544,36.768,36.5,,19.6,,92.0,,,,,2273.5,63.830585884374315,11038.406847223945,6590.984803833637,28341164301.126022,0.86126082651883,15.926608295422582,0.7628156502284126,45.675783276547534,,,17.179257738700585,,,0.765634931845469,133.632,0.08222789985821871,68.81509804177355,161.9,,,4247.0,170713719.341512,1172466106.04211,,20750.520243465224,181600783.092044,5.828386385179588
197,2022,YR2022,Tunisia,TUN,12119334.0,0.585173208533683,163610.0,,47099433007.161446,3890.0,160699402007.07526,13260.0,,76.05,1.847,4.475,,,13.9,,95.0,,,,0.1,7057.9,12.50369498698559,956.0411188872014,1595.4672096668019,44929920092.79546,2.7522876100438083,3.166064852832193,10.821724772221206,25.962443839663806,51.325939710780986,64.76985467336466,16.673802121991184,,17.257631404609004,2.5712401122127,131.875,7.189886086144299,100.63895040679267,88.5,41041206300.8,9.570285477541182,-14001.0,41543837.325642,643213141.17869,99.06042582197585,3707.2928341438123,-609667499.681025,8.306461244476234
198,2022,YR2022,Turkiye,TUR,84979913.0,0.984586244469359,785350.0,13.5,923860423504.8383,10870.0,3360033507097.811,39540.0,5.4,77.591,1.63,12.203,,,9.6,,95.0,101.500511169434,116.040176391602,,,225323.6,18.814548084495378,1841.55630679263,3554.2281621305024,926097476913.8175,5.441225113224007,95.52553027041816,6.693609619226043,30.89010239872704,38.14121074744157,41.757061483992516,38.60213971756801,27.271169113677562,35.634587959331064,1.65879843534611,103.721,3.6640355487946232,66.71878667233428,76.0,455963245504.7,7.556860737953652,-301544.0,731000000.0,13784000000.0,9.43094107142488,10897.83978613649,-8850000000.0,72.30883598912071
199,2022,YR2022,Turkmenistan,TKM,7230193.0,1.92922787802207,491209.0,,45276200112.72303,6260.0,130866612994.81041,18100.0,,69.913,2.728,22.303,,,41.0,,98.0,97.3621559226879,92.451789855957,,,41270.0,2.0802229474336085,5625.645236866664,2829.2467434825044,42208726137.71921,6.199999936216983,11.041882829850252,10.934487068923751,40.44776697900214,24.87638201180221,12.48456894797531,,,,,,,40.2452325724652,265.7,4645434178.1,2.7279283796277203,14141.0,,936039710.0,2.2579824994263085,5837.842245389467,,
200,2022,YR2022,Turks and Caicos Islands,TCA,45847.0,1.32618037626777,950.0,,1448167940.4050307,31590.0,1369882939.8789952,29880.0,,77.918,1.477,16.581,,,5.8,,,111.400001525879,105.9765625,,,105.2,,,,1434119000.0,14.087123416815288,1.6643854038641592,0.4330184594165477,10.049863365592394,,,,,,,,,32.981921304996305,92.3,,,193.0,,35000000.0,,31280.541802080836,,
201,2022,YR2022,Tuvalu,TUV,9992.0,-2.00145390945735,30.0,,80937989.3563625,8100.0,76226890.69897377,7630.0,,66.852,3.244,28.094,,,20.5,,90.0,118.421052631579,92.0868890612878,,0.4,10.0,,,,59065982.08736571,0.6773093614383043,5.547556479809273,,,,,,,,,98.8591,,57.56274389835744,,,,-320.0,1799603.18357448,199430.0,6355.456679796967,5911.3272705530135,0.0,
202,2022,YR2022,Uganda,UGA,47312719.0,3.00759449042677,241550.0,,43852321719.08677,930.0,135174815983.08818,2860.0,,67.675,4.388,108.697,43.0,,40.5,9.7,90.0,,,,5.4,22553.911,69.30489307633277,482.8216215366676,89.8701256209773,45565333210.91079,4.588021921817727,4.9222867309914875,24.011722052955268,26.766148633372634,12.021995433333059,22.483306493760676,24.201342621546008,13.778594096499594,,1.8452085708979198,70.1401,2.395714863087912,29.243723376984498,104.1,21041076730.2,2.320480039100691,-118843.0,245388593.776335,2952941687.83427,45.589488240664835,963.0673141171783,-2952578038.6177797,7.195788859758103
203,2022,YR2022,Ukraine,UKR,41048766.0,-7.61932022603164,603550.0,,151667907906.32736,3930.0,599537862448.3,15540.0,,72.658,0.897,10.271,,,8.5,,74.0,,,,,97020.0,14.875725772937901,1479.4722495393942,2419.5855242030907,161989520721.1905,-28.758584215508492,34.91528514349321,8.57297627041519,18.010831602442703,35.44511533820413,51.951398652520254,12.113288620938578,29.28108645851188,,25.6424104715416,120.261,5.736135656230187,61.37927907764556,99.4,143390581298.0,5.563024475501473,-5699445.0,2036000000.0,221000000.0,699.1372335802981,4199.6708984375,-187000000.0,20.1836366617478
204,2022,YR2022,United Arab Emirates,ARE,10074977.0,5.08834153373914,98647.9,,473376189121.22107,46990.0,756425776465.2365,75080.0,,80.487,1.148,2.879,,,5.3,,98.0,102.456393452687,102.380981445312,,0.1,3173.0,186.0663750678031,8335.809571626834,14687.973977508833,511403403675.9701,7.514484258010825,12.597870386080842,0.7408969245456516,49.33329925686681,102.0519889741333,83.68967200868524,26.058486930343978,3.2127497584031763,170.81666522374127,,195.625,9.287760224389102,183.04805820047503,122.6,,,322773.0,,22736555480.0,,50759.75892311914,,5.291226043768494
205,2022,YR2022,United Kingdom,GBR,67604000.0,0.921336799385098,243610.0,,3360990291074.751,49720.0,3979474727220.049,58860.0,,81.01121951219511,1.56,8.379,,,4.5,,90.0,100.381553649902,113.257041931152,,0.2,32069.0,388.91378987257303,2254.3694158272147,4326.193716348145,3181244350465.4146,5.1497038852299255,5.6786420431308215,0.6811060582754638,16.819859671771894,34.06192838370693,35.13699805769118,18.346856137025565,35.823257259248436,97.31988772088692,2.05691855462534,119.834,27.15977081923476,43.05683088441815,90.3,,,487029.0,10917818776.9587,92776358059.3492,,47057.04322917896,50849584601.2865,7.922048831479023
206,2022,YR2022,United States,USA,334017321.0,0.575744520494521,9831510.0,,25830260548716.254,77330.0,26156164000000.0,78310.0,5.2,77.43414634146343,1.6565,13.628,,,6.5,,92.0,95.743522644043,97.4734878540039,,,3097950.0,48.029608052893366,6511.688413945455,12968.162809736445,25604848907611.0,2.512375319860169,7.129480854181949,,,11.784404629324289,15.52953510621204,22.294425640227743,20.240678703866447,157.38417541695196,3.30947715843109,108.786,20.578983300737853,21.233899952379286,109.0,,,1319009.0,88741000000.0,416890000000.0,,76657.24888444034,-28043000000.0,8.00279982052121
207,2022,YR2022,Uruguay,URY,3390913.0,-0.170369337727093,176220.0,9.9,60918641270.414055,17970.0,101497118027.6718,29930.0,5.6,76.468,1.425,26.487,,,6.8,,96.0,100.222951100821,121.137930191204,,,20730.0,13.713013459916471,1626.0603493557132,3589.888622916601,70594110920.03578,4.486227030720727,5.147680511451995,6.918402775770738,17.70865421086169,33.33161301332629,27.699182091055853,18.655184562811638,29.688869632773613,,2.04278364297671,139.829,9.551600232874081,34.21956829708275,97.3,,,-1501.0,127108442.549402,8810431894.6504,,20818.614609114353,-2878803603.91443,9.104379830754368
208,2022,YR2022,Uzbekistan,UZB,34938955.0,2.00999064709715,448924.0,14.1,87231955128.38904,2500.0,363656157343.4867,10410.0,7.2,72.147,3.396,34.418,58.8,99.0,13.8,,99.0,98.2369473396823,97.3779819618405,,,37413.4,2.9129767564397024,1381.804487716765,2094.0523264075873,90095926567.4359,6.001342322034418,14.462656351308397,20.97377168914149,31.481350750711158,23.267031040751096,39.57422149710062,34.866741910999856,21.092879061700593,9.353164256202648,,105.472,1.41210240735451,48.277432351443416,127.5,53592822615.9,8.306168572424056,-5007.0,625458701.549934,2657356365.09623,45.35369875383365,2578.6668939421884,-2653272400.5716,11.44664369988359
209,2022,YR2022,Vanuatu,VUT,313046.0,2.31965082626492,12190.0,,1199035049.7413228,3830.0,1241986954.366053,3970.0,,71.302,3.647,67.185,,,17.1,,70.0,115.833673565014,81.9551276325385,,0.1,4423.0,,,,1055031360.5735643,5.18622862422562,11.226803565689323,24.305270250283478,7.372105635075841,9.42548191484117,54.174130252584185,38.316543688682195,23.500293425744854,,,81.6203,,38.86140406073852,89.9,463433624.1,1.8267824894831746,0.0,19056859.0074263,10694983.2150241,399.2982932875935,3370.2119195695336,-9205106.97957686,6.679305818871213
210,2022,YR2022,"Venezuela, RB",VEN,28213017.0,-0.087895947265923,912050.0,,63861854680.36217,2260.0,,,,72.566,2.088,73.026,,,24.3,,52.0,102.55387878418,96.7906723022461,,0.5,461267.8,1.721107143284434,1478.0643430568769,1989.223626810277,89013255584.74992,8.000913106547912,211.0182338022446,,,16.349207455802038,11.549069609200185,6.168538017236962,,,0.649886788939365,66.4668,,16.727845647464452,,,,-141107.0,,2349000000.0,9.696288559110073,3155.0420709968707,,
211,2022,YR2022,Viet Nam,VNM,99680655.0,0.750756665157789,331340.0,4.2,397041416272.18616,3980.0,1319311471158.5088,13240.0,6.8,74.502,1.927,34.626,,,20.4,10.2,88.0,100.779516746248,93.4123434096522,,0.5,147948.9,4.4051089496672935,1023.0571362686973,2624.400893031853,413445230668.5782,8.537500467557877,4.442833049518896,11.880299830258508,38.4823612398341,93.42012904351097,89.73349010432486,32.340499444496054,,41.154727973242906,,137.852,42.689178907016,176.67055895621752,100.3,146621789309.1,6.663265488001575,-78977.0,,17900000000.0,0.5019741230131363,4147.69777213621,-15226000000.0,3.156507499631293
212,2022,YR2022,Virgin Islands (U.S.),VIR,105413.0,-0.432595819529278,350.0,,,,,,,80.31951219512196,2.0,31.701,,,,,,,,,,202.1,,,,4672000000.0,-1.3112320633349839,5.038267260704686,,,97.36729452054794,108.26198630136987,,,,,91.462,,,,,,-444.0,,,,44320.90918577405,,
213,2022,YR2022,West Bank and Gaza,PSE,5043612.0,2.42553777623863,6025.0,,23810735951.719326,4720.0,38428309720.29801,7620.0,,76.662,3.375,36.837,,,14.2,,97.0,93.7663564717263,90.1364802874113,,,101.4,,,,19165500000.0,4.082760273471052,1.6826565273999137,5.745219274216692,17.392710860661083,18.436252641465135,63.958675745480164,26.52317967180611,,25.54684198168584,,76.5666,1.2550244770589092,,71.9,,,-5006.0,24094293.6554306,310825494.481581,443.79065267671854,3799.9552701516295,-390225123.543679,3.741223918520772
214,2022,YR2022,"Yemen, Rep.",YEM,38222876.0,2.87334358526139,527970.0,,,,,,,67.952,4.593,74.879,,,40.8,40.7,53.0,,,,0.1,5490.0,,68.94953451376867,53.97291402143575,,,,,,,,,,,,46.4534,,25.962790587289348,116.4,7351067998.2,,-10448.0,,0.0,95.22565334549263,,,
215,2022,YR2022,Zambia,ZMB,20152938.0,2.76365042984169,752610.0,60.0,23514171028.851093,1170.0,73119231208.0857,3630.0,3.9,65.279,4.175,117.398,,,46.7,,88.0,,,,10.3,444376.011,16.651147718950096,800.6748735276514,703.966836001778,29163782140.485832,5.211223603562473,6.1403183896508295,3.0940158340762234,35.28382101824494,40.19399771143057,29.10331770788973,26.98050815054305,,13.843300503865116,1.1165478995701998,98.4373,0.716710301849432,70.7967159421938,116.9,28423406214.6,5.317306427564989,-8566.0,131254122.967163,-65118862.8223029,90.4928127562284,1447.1231013803463,-187643340.86356398,10.99320392091359
216,2022,YR2022,Zimbabwe,ZWE,16069056.0,1.7062092862652,390760.0,,41478987602.915825,2580.0,85347893664.11479,5310.0,,62.36,3.767,99.484,,,46.0,,90.0,83.1984085838883,,,10.9,173524.4,4.481293253526123,416.586875381392,538.7995411802659,40757561708.77414,6.139263275702135,274.45809048439895,17.06123089314713,46.47236353928249,23.699219626644698,31.368132620958928,12.418930420768666,,,0.994988109351456,88.9958,1.4769311377601373,37.389380917552295,94.0,14120782697.4,1.131389752089901,-102828.0,8683242.47464,336761000.0,49.04286286422955,2536.4005022307556,-336761000.0,104.7051706286672
